danceability,energy,loudness,speechiness,acousticness,instrumentalness,liveness,valence,tempo,duration_ms,key,mode
-0.055580884974458386,-2.0294510799365404,-1.4354209599950514,-0.7906046529951968,1.800845436674765,1.1317947063365859,-0.541598649297151,-0.22327097739602436,-0.7479498892286628,-1.6354563247942664,1.2897622935295485,0.7773532497303336
0.5614225697010546,-0.2892029376788231,0.08956007265887349,-0.44441945246164843,0.8599313938197253,-0.8906745907027013,-0.6243762753723711,1.9737120364043528,-1.0930970588635527,-1.2796479010531445,0.45914614742822923,0.7773532497303336
-1.0872915796777753,-2.0129235836134223,-2.515529842628004,-0.730106268435936,1.813770080120576,0.2940247052758392,-0.5884539093397284,0.32597477605406994,-0.2574469329936588,-1.5926932255191792,0.45914614742822923,0.7773532497303336
-1.1783248762692446,-2.021025297497304,-1.8835371230423608,-0.7637164820799697,1.8086002227422515,1.576378173157166,-0.7696275815043611,-1.0084603291591872,2.0177425273540672,-0.5206647363779789,-0.37146999867309005,-1.2864164398192244
-1.7245246558180596,-1.7734369212058894,-1.6866845143986757,-0.6847324800164902,1.7465619342023588,-0.794048357451523,-0.6610795624057233,-1.403762554529607,-1.3403329784564322,0.07777126364272252,0.45914614742822923,0.7773532497303336
-1.041774931382041,-0.49984749865973843,0.2806619309376866,-0.8342979307324407,1.195972123410811,-0.8906745907027013,0.03628289122797011,-0.22327097739602436,0.4848434141080259,-0.30728217220594856,1.2897622935295485,0.7773532497303336
-0.5815510430585025,-0.06559563448369718,-0.06939656563168274,0.385752824545987,1.6431647866358712,-0.47949913005939004,-0.7251150844639124,1.7687118608208667,-1.5250498886323784,0.5743268302458561,0.7360181961286689,0.7773532497303336
-1.6688931967899396,-1.9954238816242387,-2.363061230390123,-0.6712883945588767,1.800845436674765,1.509562160802628,-0.5962631193468246,-1.3801681946983002,-1.895976591562078,1.8154020917899987,-1.2020861447744093,0.7773532497303336
-0.25787709962216776,-2.0171364748330407,-2.559913839033808,-0.3536718756227571,1.813770080120576,1.4607350748512349,-0.7641611344993936,-0.3509125961555532,-1.73598327334542,0.3098582660720585,-0.09459794997265028,0.7773532497303336
-0.35902520694602247,-1.8742222419213737,-2.3433022419569745,-0.6964960547919021,1.811185151431414,1.2577171911585996,-0.47131575923328495,-0.784120514369712,-1.8307995229212457,-1.5684225160752405,-1.478958193474849,-1.2864164398192244
-0.38431223377698615,-1.5303855046894483,-1.237093799975758,-0.5973459245420023,1.7982605079856029,0.5458696749198674,-0.4322697091978038,1.5443720460313919,-0.07047249306590728,-1.5102240584461086,1.2897622935295485,0.7773532497303336
-0.9052249864948373,-0.9308586772822272,-2.1762355711005736,-0.3755185144913791,1.1080845479792962,1.4144778355288623,-0.4556973392190925,-0.4205352972971145,0.9943533143824232,-1.251524978534012,-1.478958193474849,0.7773532497303336
-1.153037849438281,-1.878759201696347,-2.4426870046729627,-0.5620552002157668,1.8034303653639272,1.4967129276575246,-0.7649420555001032,-0.73383745243414,1.9386197507303078,0.4635933750362144,1.0128902448291086,0.7773532497303336
-0.7585602308752479,0.3945817141207645,0.30867840707424105,-0.39232362131339604,0.9762531848320243,0.7411780187254401,-0.775874949510038,-0.7570450194813272,2.167322079296269,-0.8387373756141634,-0.37146999867309005,-1.2864164398192244
0.42487262481385085,-2.045654507704303,-2.4851540842904765,-0.5301254972539347,1.813770080120576,1.4453159950771106,-0.40884207917651505,-0.811196009258097,-1.120624357127502,-1.7970902376327875,-0.6483420473735297,0.7773532497303336
-1.0721193635791972,-1.6438094990637873,-1.708802785032798,-0.8679081443764746,1.811185151431414,1.4247572220449451,-0.2292302490133018,-0.23100683307841985,-1.4831399411432173,0.019466781800511916,1.2897622935295485,0.7773532497303336
-1.1833822816354373,-1.9416285014352663,-1.6285871901997158,-0.7603554607155664,1.6948633604191148,0.48933304908141206,-0.6673269304114003,-1.1709132984894968,0.32197356604632454,2.35965971892747,-0.37146999867309005,-1.2864164398192244
-0.7737324469738261,-1.3165002581549803,-1.2901776494976505,-0.7015375868385072,1.356237702138867,0.7540272518705435,-0.4635065492261887,-0.03374251317732969,1.5118738040987107,-0.41593931990946514,-0.09459794997265028,-1.2864164398192244
-0.4197140713403353,-1.7151045812419434,-1.391479329001929,-0.5351670293005397,1.6664291448383306,-0.8904803102975473,0.1534210413344137,1.9659761807219571,-0.12261414797857349,-1.3321033804738451,1.0128902448291086,0.7773532497303336
-1.3300470372550266,-2.0550524958096057,-3.15342076771608,-0.8242148666392306,1.787920793228954,1.4453159950771106,-0.6165670653652748,-1.3171209708867755,-2.006122196388066,-0.7435541383227352,0.7360181961286689,0.7773532497303336
-1.825672763141914,-1.8220472045091776,-1.7713237633585825,-0.6679273731944734,1.6328250718792223,0.9853134484824061,-0.4635065492261887,-1.0587433910947592,-0.2696812877776363,-0.44703975574589205,-0.9252140960739695,0.7773532497303336
-1.582917305564663,-1.7980661314128885,-1.5297922480339712,-0.5670967322623719,1.7801660071614673,0.09614651484124564,-0.7258960054646221,-0.861479071193669,0.07954400011857927,0.5282151329076992,1.0128902448291086,-1.2864164398192244
0.27820786919426155,-0.049392206715934424,0.5148206893842571,-0.9216844862069287,0.7436096028074263,-0.8464732286835454,2.1057235431084713,0.14031423967657336,0.7119436247856086,-0.26057850634476876,1.5666343422299882,-1.2864164398192244
-0.7585602308752479,-2.0064422125063173,-2.221799208606865,-0.827575888003634,1.8034303653639272,1.4633049214802554,-0.041809208842992274,-0.985252762112,0.8794013558913006,1.2449918254264412,1.0128902448291086,0.7773532497303336
-2.038083788522009,-1.7734369212058894,-1.3407547616810092,-0.6964960547919021,1.4182759906787599,1.2551473445295789,-0.5259802292829585,-1.3438096729910405,-1.336764624977772,0.8301985978091867,0.18227409872778946,-1.2864164398192244
-0.6017806645232734,-1.5919585302069466,-1.2453512876791637,-0.6528027770546582,1.4286157054354085,-0.5360357558978454,-0.5494078593042473,-0.9427055558588238,0.9856509013069154,-0.24099936832956365,-0.09459794997265028,-1.2864164398192244
-1.8307301685081068,-0.3799421331782941,-0.3871623870752339,-0.6393586915970446,1.7465619342023588,-0.8819628106303211,-0.2995131390771677,0.7939940448390094,-1.5778105436382814,-0.13073418672768633,0.7360181961286689,0.7773532497303336
-1.0013156884524992,-1.1771507793522207,-1.4071095735833754,-0.5586941788513634,1.2011419807891353,-0.8390206734593852,-0.7134012694532682,0.9022960243925492,0.491725238674013,-1.6667864797590306,0.18227409872778946,0.7773532497303336
-0.12638456010115667,-1.1706694082451157,-1.0796117130608105,-0.8897547832450965,1.4001814898546243,0.6640826198548192,-0.002763158807511082,0.03974811580542925,0.5594147194579832,-0.25348371941958386,1.5666343422299882,-1.2864164398192244
-1.4059081177479174,-1.9037124804587018,-1.8306007286580293,-0.5788603070377837,1.7543167202698453,1.450455688335152,-0.6563940364014657,0.41880504424281834,-1.0145932823330306,-0.7870240656850138,0.45914614742822923,0.7773532497303336
-1.153037849438281,-1.7831589778665469,-2.096462341680174,-0.7116206509317173,1.7310523620673857,0.21435945977619758,1.2232828123065975,0.9757866533753083,-0.5927265129069477,-1.47677341921977,-0.09459794997265028,0.7773532497303336
0.11637089747609403,-1.2290017482090614,-0.6702762511919942,-0.9132819327959202,1.7052030751757636,-0.8902454263156548,0.6922565318240538,0.22154072434172822,-0.9759239823908153,1.2332054670725225,-0.09459794997265028,0.7773532497303336
-1.8206153577757214,-1.8434357291626242,-1.9115535991789154,-0.5822213284021871,1.012442186480295,-0.8906745907027013,-0.5103618092687661,-0.6410071842453917,2.245206855733554,-1.6395735984021569,0.45914614742822923,0.7773532497303336
-1.886361627536227,-1.747511436777469,-2.857330851493968,-0.7183426936605241,1.640579857946709,1.139504246223648,-0.4478881292119963,-0.9427055558588238,-0.2826802897356124,-1.3172599906428233,0.18227409872778946,-1.2864164398192244
-0.5208621786641897,-1.9597763405351607,-3.182027064402877,-0.7737995461731799,1.7543167202698453,1.450455688335152,-0.04961841885008851,-0.3354408847907618,0.23382067041534335,-0.8299020245242694,-0.9252140960739695,0.7773532497303336
0.05568203308178122,-1.5725144168856313,-0.34292584580699004,2.015848186281627,1.813770080120576,-0.8764633388442169,-0.3854144491552263,-0.1188369256836824,-1.2479563174833634,0.6062224476803735,0.45914614742822923,0.7773532497303336
-2.0532560046205868,-1.7377893801168112,-1.824555068018036,-0.7200232043427257,1.4854841365969769,0.9904531417404474,1.3091841223846556,-1.2819228275318748,-1.0952817650749773,0.5183725517935572,0.45914614742822923,0.7773532497303336
-0.4450010981712987,0.18393715313984876,-0.20092654833592755,-0.032694335322233946,-0.057718290832854666,-0.7598693972855479,-0.7102775854504296,1.3393718704479058,-0.6437758147139017,-0.4099666225726968,-0.6483420473735297,0.7773532497303336
-0.6220102859880444,-1.810056667961033,-1.5513206981178498,-0.8023682277706087,1.7982605079856029,1.381069829351593,0.3174144514834345,-0.3122333177435747,0.3610798072308246,3.517444125747182,-0.6483420473735297,0.7773532497303336
0.2428060316309124,-1.8162139705127829,-0.6111467410301084,-0.7065791188851122,1.5682018546501673,-0.5565945289300109,-0.9273736236477048,1.4824852005722262,-1.8208591096592635,-1.704601782423777,1.2897622935295485,0.7773532497303336
-1.4767117928746156,-2.0475989190364348,-3.0590494796771597,-0.39904566404220276,1.6922784317299526,-0.8906745907027013,-0.5650262793184397,-1.2633567738941252,-1.3552982160046905,2.2429093896256105,1.0128902448291086,-1.2864164398192244
-1.9875097348600814,-0.610030807480525,0.1360084409905294,-0.8460615055078525,1.6690140735274928,-0.3021797126569621,1.5981248926472165,-1.0161961848415828,-1.3059602673966857,-0.784170247282978,-0.09459794997265028,0.7773532497303336
-1.972337518761503,-1.9976923615117252,-2.012707823545633,-0.6191925634106243,1.8034303653639272,1.4196175287869037,-0.5572170693113435,-1.4080172751549247,-1.8611669392600472,-0.27021787438384315,0.7360181961286689,0.7773532497303336
-1.3907359016493392,-1.718345266795496,-2.0949877903045664,-0.7032180975207089,1.8086002227422515,1.0084420681435924,1.3794670124485218,0.41880504424281834,-1.5280720655581823,-0.3405472690593995,-0.9252140960739695,0.7773532497303336
-0.29833634255170965,-1.4169615103151092,-1.2208737348440688,-0.6528027770546582,1.7388071481348721,1.4761541546253591,-0.49474338925457356,0.9216356635985384,-1.6066486656290857,-1.329046348996742,-1.478958193474849,0.7773532497303336
-0.3944270445093716,-1.6956604679206282,-2.056649454538755,-0.5183619224785229,1.813770080120576,1.4170476821578828,-0.6407756163872732,1.463145561366237,-0.14919474021757193,-0.21001379205730533,-1.478958193474849,0.7773532497303336
-0.2882215318193242,-1.5141820769216856,-1.5272855106954373,-0.7099401402495157,1.8060152940530894,1.5352606270928348,-0.5337894392900547,0.7050317044914588,-1.5009817085365178,-0.6355243005466011,1.0128902448291086,0.7773532497303336
-0.07581050643922932,-1.7701962356523366,-1.352698627823435,-0.691454522745297,1.7930906506072783,1.2165996450942684,-0.6415565373879828,0.047483971487824954,-0.20643404295689546,-1.3918303538415289,0.45914614742822923,0.7773532497303336
-1.3098174157902558,-0.7591023429439422,0.1281933186998062,-0.832617420050239,1.710372932554088,-0.7285172684114954,-0.08085525887847325,0.03201226012303355,-0.45206784466139655,-0.770413605636013,-0.6483420473735297,0.7773532497303336
-2.1493467065782488,-2.0540802901435398,-2.5383853889499295,-0.7351478004825409,1.3769171316521647,-0.7883946948676775,-0.3541776091268414,-1.3349134389562856,-1.2136928417341883,-1.3308134192147207,-1.2020861447744093,-1.2864164398192244
-0.38936963914317885,-1.5141820769216856,-1.3249770619620025,-0.5939849031775989,1.811185151431414,1.1163756265624616,-0.48693417924747734,-0.606195833674611,0.35103015865827125,-0.8823309978917006,0.7360181961286689,0.7773532497303336
0.18211716723659957,-1.3294630003691903,-1.065898385267655,-0.3452693222117486,1.6664291448383306,1.5532495534959794,-0.70949666444972,1.0415414266756717,-0.3498964175071081,-1.4230544845932143,1.2897622935295485,0.7773532497303336
-1.0367175260158483,-1.7572334934381266,-1.496762297220349,-0.6477612450080531,1.7801660071614673,1.3219633568841171,-0.7102775854504296,-1.1767151902512933,0.5733604274409103,0.5519468859351545,-0.09459794997265028,0.7773532497303336
-0.8091342845371753,-1.3715919125653735,-1.3838116618487668,-0.8006877170884069,1.8060152940530894,1.4633049214802554,-0.22142103900620555,1.2774850249887402,0.7372862168381334,-0.5138350099854908,-1.478958193474849,0.7773532497303336
-0.7636176362414406,-1.9610726147565816,-2.418061996700307,-0.8460615055078525,1.7594865776481698,1.2500076512715377,-0.614224302363146,-0.8808187103996582,-0.6266622827244093,0.508476958572876,-0.09459794997265028,0.7773532497303336
-0.3792548284107934,-1.517422762475238,-1.0324260690413503,-0.7906046529951968,1.0331216159935923,1.4401763018190694,-0.8734900745987408,2.0820140159578924,-0.6212369289660382,-1.4982079809638527,-0.09459794997265028,0.7773532497303336
0.21751900479994873,-1.6373281279566823,-2.0217025869368426,-0.78388261026639,1.73622221944571,1.4761541546253591,-0.6251571963730806,0.3298427038952678,-1.679799911941618,-0.9148450899025105,-0.37146999867309005,-1.2864164398192244
0.08602646527893762,0.16125235426498094,0.5882533478895419,-0.5956654138598007,0.05084871411195757,-0.8906593772106575,-0.9586104636760898,0.7553147664270309,1.8740616821827123,0.1861633508135423,0.45914614742822923,0.7773532497303336
-0.1162697493687712,-1.6438094990637873,-0.9073841123897811,0.12863469016912837,1.7439770055131967,-0.8089534678998431,-0.7298006104681701,0.38786162151323555,-0.18254792171198675,2.708709099084823,1.0128902448291086,0.7773532497303336
-0.4652307196360696,-1.0215978727816983,0.006100464799453409,-0.05958250623746108,0.8754409659546984,-0.8906085456443353,-0.7657229765008129,-1.172073676841856,2.315299513350092,-0.0893052254671733,1.0128902448291086,0.7773532497303336
-0.8243065006357535,-1.3132595726014276,-0.7403174415333802,-0.7217037150249275,1.7905057219181162,1.473584307996338,-0.5806446993326322,-0.9775169064296043,-0.9436631540021129,1.2228416002440767,-0.9252140960739695,-1.2864164398192244
-1.4413099553112665,-1.4169615103151092,-1.626965183686547,-0.78388261026639,1.7905057219181162,1.1986107186911237,-0.42446049919070755,1.710692943202899,0.33049392027088065,-1.4936489398014674,-1.478958193474849,0.7773532497303336
0.015222790152239901,-1.653531555724445,-1.3532884483736785,-0.6998570761563054,1.762071506337332,1.2988347372229307,0.08313815127054755,1.180786828958794,-0.054305667101365446,-1.498685089922707,-0.6483420473735297,0.7773532497303336
-0.273049315720746,-1.0572454138707763,-1.0558714359135193,-0.7704385248087765,1.6638442161491687,-0.47692928343036933,-0.3697960291410339,0.10550288910579271,0.521619302000339,1.859225433195873,-1.2020861447744093,0.7773532497303336
-1.153037849438281,-1.6114026435282618,-1.4516410251267406,-0.8174928239104239,1.7129578612432501,1.3733602894645311,-0.7048111384454623,-1.1438378036011119,0.7972199905715467,3.102182624522163,0.45914614742822923,0.7773532497303336
0.8446372702078473,-1.1155777538347222,0.27638573194842303,4.18370696632181,1.6612592874600065,-0.8906745907027013,-0.36198681913393765,1.0299376431520784,-0.8688369662608221,-1.423991031808743,0.45914614742822923,0.7773532497303336
0.2680930584618761,-1.1285404960489325,0.29806163716986256,-0.6964960547919021,1.575956640717654,-0.8906745907027013,-0.16675656895653188,0.38786162151323555,-1.2591347309318193,-1.6115390293939234,1.5666343422299882,-1.2864164398192244
-1.041774931382041,-1.7345486945632587,-1.7241381193391223,-0.713301161613919,1.7413920768240345,-0.7333999770066347,-0.47131575923328495,-0.5636486274214347,0.19019936972723323,0.7833093895751192,-0.37146999867309005,-1.2864164398192244
-0.4500585035374914,-1.711863895688391,-1.0424530183954852,-0.24779970264405052,1.6173154997442492,-0.5565945289300109,0.8250131019446894,1.5869192522845679,1.1833668134408382,-1.3629740971819349,0.45914614742822923,0.7773532497303336
-1.3654488748183757,-1.6664942979386552,-1.333971825353212,-0.6124705206818175,1.6483346440141955,1.2705664243037031,2.824170863761325,-0.2658181836492005,1.382466372841996,0.5240271764910894,-0.09459794997265028,0.7773532497303336
-1.097406390410161,-1.8282045070609274,-1.914797612205253,-0.5839018390843889,1.7930906506072783,0.9030783563537438,-0.42446049919070755,-0.11496899784248454,-1.2220311371077919,-1.6690306589358637,-1.478958193474849,-1.2864164398192244
-1.6385487645927832,-0.6586410907838132,0.19749723335338826,-0.78388261026639,1.7465619342023588,0.09357666821222495,-0.5650262793184397,-1.0200641126827807,-0.20931057280193757,-0.7646882981297617,1.2897622935295485,0.7773532497303336
-1.041774931382041,-2.0446823020382374,-3.390528628913866,-0.66456635183007,1.8086002227422515,1.4684446147382968,-0.48693417924747734,-0.2116671938724308,0.24412520137922925,0.6979952394511025,0.45914614742822923,0.7773532497303336
-0.6068380698894662,-1.8803795444731235,-2.894637001296853,-0.5839018390843889,1.811185151431414,1.3271030501421586,-0.7454190304823627,0.08229532205860561,1.1667994580042014,-1.057032394992175,-0.9252140960739695,0.7773532497303336
-0.055580884974458386,-0.9697469039248577,-0.25872896225976605,-0.47634915542348055,1.7310523620673857,-0.8810376658438737,1.1295722922214426,1.3703152931774887,-0.2866491726863673,-0.689720344132011,-0.37146999867309005,0.7773532497303336
-0.7079861772133209,-1.9519986952066344,-1.3556477305746517,-0.7822020995841884,1.73622221944571,1.4273270686739656,0.4814078616324553,0.4304088277664119,-0.9991546917722968,-1.3537853320484452,-0.9252140960739695,0.7773532497303336
-0.6725843396499718,0.04134698878353696,-0.06747964884339219,-0.11840038011452032,1.356237702138867,-0.5745834553331558,1.5512696326046391,0.9680507976929127,-0.7517731250986559,-0.5726431068398254,-0.6483420473735297,0.7773532497303336
0.3136097067576107,-1.4882565924932651,-1.6328633891889794,-0.7519529073045579,1.7569016489590077,1.1857614855460203,-0.4556973392190925,0.7205034158562502,-1.6230703739849606,-0.9181406758590409,-0.37146999867309005,-1.2864164398192244
-1.8762468168038415,-1.9756556997475683,-1.6878641554991627,-0.8107707811816172,1.588881284163465,1.2165996450942684,-0.5181710192758623,-1.4064701040184455,-0.7290885922700308,-0.2267479470215646,-1.478958193474849,0.7773532497303336
-2.159461517310634,-1.9552393807601873,-1.9811524241076186,-0.7519529073045579,0.9167998249812936,1.3887793692386554,-0.2917039290700717,-1.112894380871529,-0.8835837331879374,0.08685400456313357,-1.2020861447744093,-1.2864164398192244
-1.345219253353605,-1.9963960872903044,-2.294936956837028,-0.5032373263387075,1.7775810784723052,-0.6917684616164995,-0.991409145705894,-1.405696518450206,-1.2381979630723339,-0.581929060835304,-1.478958193474849,-1.2864164398192244
-0.9153397972272227,-1.983109276520739,-3.248676786580364,-0.8427004841434492,1.813770080120576,1.280845810819786,-0.3854144491552263,0.16352180672376046,1.8074645545044534,-1.3746897727271343,-1.478958193474849,-1.2864164398192244
-0.30339374791790236,-1.9844055507421599,-2.362766320115002,-0.36879647176257224,1.8086002227422515,1.5609590933830417,-0.24484866902749428,0.30276720900688286,-1.5062250034439368,-1.377464072969361,-1.478958193474849,0.7773532497303336
-0.7889046630724044,-1.426683566975767,-1.4265736517414023,-0.90319886870271,0.7849684618340215,-0.7375117316130678,0.13780262132022122,0.3994654050368291,-0.4731502596016438,-0.6659179082958365,0.18227409872778946,-1.2864164398192244
0.020280195518432634,-1.8064919138521252,-1.3208483181103,-0.5015568156565059,1.800845436674765,1.3502316698033445,-0.26046708904168675,-0.7763846586873163,-0.2817335837106619,0.454872883510489,0.7360181961286689,0.7773532497303336
-0.9153397972272227,-1.8829720929159652,-2.2645611984995004,-0.8561445696010628,1.8086002227422515,1.4170476821578828,-0.7009065334419141,-0.304497462061179,-0.7148515901255805,-1.630570375641555,1.2897622935295485,0.7773532497303336
0.16188754577182865,-1.1155777538347222,-0.4091332025717949,0.17568898927077567,1.8060152940530894,1.4684446147382968,-0.9570486216746705,0.6779562096030739,0.5232578316589069,-0.7447292400176911,-0.37146999867309005,-1.2864164398192244
-1.1277508226073172,-1.9798685909671865,-2.017426387947579,-0.5788603070377837,1.800845436674765,1.339952283287262,-0.5494078593042473,-0.459214575709093,-1.2287673145930178,-1.3972552594107237,-0.6483420473735297,0.7773532497303336
-1.9521078972967323,-2.072228129243434,-2.5690560575625794,-0.8158123132282222,1.800845436674765,1.3887793692386554,-0.6118815393610171,-1.3708851678794254,-1.946115599114272,1.2676103242165697,0.18227409872778946,0.7773532497303336
-1.6334913592265905,-1.7831589778665469,-1.6763626547694188,-0.8645471230120713,1.157198193073378,0.9390562091600335,-0.4166512891836113,-0.6332713285629961,-1.4670459387190562,-0.8359100632653974,-1.2020861447744093,-1.2864164398192244
-0.424771476706528,-0.5711425808378945,0.014800317915541511,-0.7385088218469444,1.813770080120576,1.396488909125717,1.8089735628388146,0.7630506221094266,-1.315609386497144,-0.5429298211245118,1.5666343422299882,0.7773532497303336
0.42993003018004355,-1.403998768100899,-0.6623136737637103,-0.78388261026639,1.7336372907565478,1.5198415473187106,-0.5806446993326322,0.19059730161214541,-0.9866290428267962,-1.4925533562663205,-0.37146999867309005,0.7773532497303336
-0.29833634255170965,-1.3002968303872173,-0.40883829229667346,-0.5637357108979684,1.7827509358506295,1.522411393947731,-0.5025525992616698,-0.21553512171362865,-0.7768244229896576,-1.6672635887178848,-0.9252140960739695,0.7773532497303336
-1.1631526601706663,-1.7766776067594419,-1.8114315607751232,-0.8427004841434492,1.6612592874600065,1.4967129276575246,-0.5494078593042473,-0.8382715041464819,1.7059121274434021,-0.8740787799737395,-1.478958193474849,0.7773532497303336
0.652455866292524,-0.8466008528898609,-0.265954264000246,-0.5754992856733804,0.410153801905503,-0.8904214608097427,0.7625394218879199,0.8404091789333836,0.8460117626266953,0.45628653968487204,1.5666343422299882,-1.2864164398192244
-0.5663788269599243,-0.49984749865973843,0.4337203637258102,-0.7771605675375832,1.749146862891521,-0.88679412229288,2.097914333101375,0.4304088277664119,0.284287383899251,0.7114779852142809,0.45914614742822923,0.7773532497303336
-1.360391469452183,-0.7364175440690743,-0.4114924847727679,-0.7653969927621714,1.7853358645397919,-0.8889810617741766,0.2939868214621458,1.0144659317872868,-1.6090882542318434,1.1011523096829665,1.0128902448291086,0.7773532497303336
-1.0013156884524992,-2.062506072582776,-3.092226885628342,-0.6796909479698852,1.811185151431414,1.4684446147382968,-0.541598649297151,-1.1322340200775183,-1.9909748999888564,-0.9425262448671484,-0.37146999867309005,0.7773532497303336
-0.5764936376923098,-1.5239041335823431,-1.8648103205721378,-0.577179796355582,1.6741839309058173,-0.8179479311014156,2.7538879736974593,1.157579261911607,0.2881470315394342,-1.2059345669101587,0.45914614742822923,0.7773532497303336
-1.9116486543671907,-1.929637964887122,-1.6321261135011755,-0.7032180975207089,1.601805927609276,1.4093381422708209,-0.6852881134277217,-1.4049229328819666,-1.9134906530236653,-0.6270423635003028,-0.9252140960739695,0.7773532497303336
-1.0518897421144267,-2.039173136597198,-3.313999412519805,-0.8309369093680374,1.811185151431414,1.4530255349641725,-0.5181710192758623,-1.0935547416655398,-1.9832191929382987,-1.57513738290356,-0.09459794997265028,-1.2864164398192244
-0.7939620684385971,0.17745578203274368,0.6236425809041369,0.05469222015225393,1.0201969725477813,-0.8906249926627612,3.5894734444567558,0.7205034158562502,-0.5630145084315742,2.0537533581420697,-0.09459794997265028,-1.2864164398192244
0.08602646527893762,-1.5433482469036586,-1.3034486118781237,-0.5923043924953971,1.7310523620673857,1.4658747681092763,-0.17456577896362813,0.43427675560760975,-0.8914122637788755,-1.3500126371330605,0.45914614742822923,0.7773532497303336
-0.9406268240581864,-1.7831589778665469,-2.65988842230004,-0.7536334179867596,1.774996149783143,1.5532495534959794,-0.5337894392900547,-1.39834745555193,-2.025638905210126,-0.8826844119352962,-0.37146999867309005,0.7773532497303336
-1.264300767494521,-1.8123251478485198,-2.1190229777269787,-0.6242340954572294,1.811185151431414,1.1806217922879791,-0.4556973392190925,-0.8034601535757012,-1.4793531170434149,-1.7219190705599692,-0.6483420473735297,0.7773532497303336
-0.8495935274667171,-1.9374156102156481,-2.4061181305578807,-0.4830711981522873,1.7930906506072783,1.3939190624966968,-0.4791249692403811,-0.31610124558477254,-1.8971781799783616,-1.6259141456171808,-1.478958193474849,0.7773532497303336
-0.03029385814349471,-0.10772454667988032,0.13246951768906975,-0.370476982444774,0.2964169395823662,-0.8901606213768972,-0.6150052233638557,-0.784120514369712,-1.3311936241386393,0.349582004572222,1.5666343422299882,0.7773532497303336
0.6271688394615602,-1.546588932457211,-1.309789182793239,-0.2797294056058826,1.6302401431900602,0.8593909636603921,-0.3151315590913602,1.7764477165032626,-0.23727481230817196,-1.0599745669051095,-1.478958193474849,0.7773532497303336
-2.0431411938882014,-0.3248504787679008,0.4310661712497156,-0.7200232043427257,1.5837114267851404,0.9570451355631784,3.5816642344496596,-0.13044070920727593,2.095736539101924,-0.2898058477501382,1.2897622935295485,0.7773532497303336
-0.5967232591570807,-1.8123251478485198,-2.391372616801799,-0.6544832877368598,1.813770080120576,1.4607350748512349,0.020664471213777635,1.6062588914905571,-0.5595918020336753,-1.683750353851627,0.45914614742822923,0.7773532497303336
-0.10615493863638573,0.932535516010487,0.06994853936328527,-0.6309561381860361,-0.7567372918847852,-0.7552436733533106,-0.22142103900620555,-0.48242214275627987,-0.6684629949029995,2.1646900264267788,1.0128902448291086,0.7773532497303336
-0.8799379596638736,-2.0849640234688955,-3.153125857440958,-0.528444986571733,1.811185151431414,1.4787240012543794,-0.6384328533851442,-0.4050635859323231,-1.500654002604804,-1.7002459543364592,-0.6483420473735297,0.7773532497303336
-1.0518897421144267,-1.6405688135102348,-1.570342410863195,-0.7284257577537342,1.5862963554743028,1.1626328658848342,3.847177374690932,-1.0548754632535613,-0.5350502689253398,2.1238088569338394,1.2897622935295485,0.7773532497303336
0.4754466784757782,-1.8123251478485198,-1.718092458699129,2.3183401090779316,1.8086002227422515,1.524981240576752,-0.5103618092687661,0.4690881061783904,0.20982531385986392,-1.4552151625604284,-0.6483420473735297,0.7773532497303336
-0.21236045132643316,-1.2873340881730073,-0.49731137483316096,-0.5133203904319178,1.7698262924048187,-0.8536687992448032,-0.9336209916533819,1.5521079017137875,-1.1373373596449001,0.06022425637819301,-0.9252140960739695,0.7773532497303336
-0.17190120839689127,-0.5841053230521047,1.0319458568100273,-0.7939656743596002,1.446710206259544,-0.8906745907027013,1.1295722922214426,1.7571080772972734,0.6173458458309248,-1.4671958986383247,-0.37146999867309005,-1.2864164398192244
-0.4854603411008405,-1.8291767127269931,-2.2834354561072847,-0.5553331574869601,1.8060152940530894,1.4658747681092763,-0.3697960291410339,-0.04534629670092324,0.1918743111559918,-0.20883869036234942,-1.478958193474849,0.7773532497303336
-0.6270676913542371,-1.280852717065902,-1.1011401631446887,-0.4897932408810941,1.7155427899324125,1.4041984490127795,-0.49474338925457356,-1.1817434964448505,-1.5200978878864828,-1.2067120778060694,0.45914614742822923,-1.2864164398192244
-0.7433880147766697,-1.9808407966332522,-1.509443439050579,-0.4948347729276991,1.6560894300816822,0.8850894299505988,0.10656578129183626,-0.7957242978933056,-0.9563344500283754,-0.6216262932821978,1.5666343422299882,-1.2864164398192244
-0.23764747815739684,-1.8411672492751376,-1.8257347091185223,-0.5301254972539347,1.813770080120576,1.3502316698033445,-0.3776052391481301,-1.062611318935957,0.10441323915862909,-1.0368877945072166,1.2897622935295485,0.7773532497303336
-1.5778599001984703,-2.061857935472066,-2.9154281756929277,-0.6864129906986919,1.8086002227422515,1.3784999827225726,-0.9648578316817668,-1.2192623965044698,-1.7381315677866538,-0.12331249181217536,0.18227409872778946,-1.2864164398192244
-1.2390137406635575,-1.7021418390277332,-0.9849455147467683,-0.7939656743596002,1.6431647866358712,1.5660987866410832,-0.42446049919070755,-0.4205352972971145,-0.6182511638104249,-1.4398946637705523,0.45914614742822923,-1.2864164398192244
-0.8900527703962591,-2.061857935472066,-3.148554748176573,-0.6511222663724564,1.697448289108277,-0.8906745907027013,0.020664471213777635,-0.7415733081165358,-0.6062352796475899,-0.9340443078208502,1.5666343422299882,-1.2864164398192244
-0.9962582830863065,-1.6016805868676043,-1.5824337321431816,-0.7754800568553815,1.7853358645397919,1.532690780463814,-0.2136118289991093,-0.6719506069749744,-1.7760726323250604,1.490844304853832,-0.9252140960739695,-1.2864164398192244
-1.0468323367482337,-1.4072394536544515,-1.3776185460712125,-0.876310697787483,1.8086002227422515,0.9904531417404474,1.5981248926472165,0.5387108073199517,-1.1604224219456196,-0.20365233927258164,1.5666343422299882,0.7773532497303336
0.7788910004473417,-0.153094144429616,0.0394253258881972,0.08326090174968256,0.8314971782389411,-0.8906745907027013,-0.6930973234348179,1.993051675610342,-1.1158544152325585,-1.0710010850652973,-0.9252140960739695,0.7773532497303336
-0.5158047732979969,-1.566033045778526,-1.5617900128846678,-0.8258953773214323,1.7207126473107368,-0.7819700782951259,-0.5650262793184397,0.507767384590369,-0.6912931748123861,-0.022121215779619213,0.18227409872778946,0.7773532497303336
-0.8243065006357535,-1.2030762637806411,-0.5934521245228107,-0.5839018390843889,1.5449374964477076,-0.8903893377268799,-0.42446049919070755,-0.40893151377352094,1.2860844171479828,1.1192206026617997,1.0128902448291086,0.7773532497303336
-0.17190120839689127,-1.517422762475238,-1.4862929824535316,-0.6528027770546582,1.7543167202698453,-0.8905833611473709,-0.842253234570356,1.1653151175940026,-0.043163665423100295,-1.098867782402823,-1.478958193474849,0.7773532497303336
-0.8647657435652953,-1.7987142685235993,-1.6136942213060739,-0.5704577536267753,1.8034303653639272,1.381069829351593,-0.6470229843929501,-0.9543093393824172,-1.8087704019560478,2.369431617232893,1.2897622935295485,0.7773532497303336
0.5563651643348619,-0.5484577819630266,0.3427405438507888,-0.2696463415126724,1.247670697194055,-0.8906745907027013,-0.33855918911264893,1.3973907880658736,0.1722847787935517,2.068446547004563,0.45914614742822923,0.7773532497303336
-1.264300767494521,-2.0155161320562645,-1.7350497995186223,-0.5956654138598007,1.7956755792964405,1.2936950439648893,-1.0148367757271826,-1.3310455111150876,0.5458331291769609,0.7725921087030777,-0.9252140960739695,-1.2864164398192244
-1.901533843634805,-1.922184388113951,-1.8347294725097318,-0.7317867791181376,1.7930906506072783,1.4067682956418,-0.8563098125831292,-1.3476776008322382,-1.4109354008556356,-0.5831041625302599,-1.478958193474849,0.7773532497303336
0.6473984609263311,-1.403998768100899,-2.234480350437095,-0.4024066854066061,1.7827509358506295,1.4221873754159242,-0.3541776091268414,1.892485551739198,-0.8168409584289171,-1.522946964015556,-0.6483420473735297,0.7773532497303336
-1.0316601206496556,-0.5128102408739487,-0.4325785694439642,0.1303152008513301,1.8034303653639272,0.8671005035474543,1.3638485924343293,0.7939940448390094,-0.9029547949292355,1.432301268532194,1.2897622935295485,0.7773532497303336
-0.986143472353921,-1.3618698559047158,-0.16701186669694057,-0.8998378473383067,1.526842995623572,-0.8906673951321399,-0.738390741475976,-0.9117621331292409,-1.3697536887702826,0.07731182538604803,-0.09459794997265028,0.7773532497303336
-1.4868266036070013,-1.7637148645452316,-1.0448123005964585,-0.7687580141265747,1.4828992079078147,1.2063202585781858,2.0666774930729903,-0.5868561944686218,-1.9448411871576072,-1.4317661407678497,-1.478958193474849,0.7773532497303336
-1.3351044426212193,-1.6664942979386552,-1.7335752481430144,-0.8158123132282222,1.8034303653639272,1.4812938478834006,-0.13551972892814693,-0.683554390498568,-0.9328124464853709,0.19570552999062785,-0.6483420473735297,-1.2864164398192244
-0.5360343947627679,-0.7623430284974948,-0.8231872288425571,-0.6948155441097004,1.433785562813733,-0.8906201099541661,-0.8891084946129333,1.1730509732763983,-0.30281599865090914,1.5291367164774325,-1.2020861447744093,0.7773532497303336
-1.0468323367482337,-1.6567722412779975,-1.2892929186722857,-0.8191733345926255,1.8060152940530894,1.5044224675445865,-0.3151315590913602,0.008804693075846665,-1.1244840047676854,1.8342478956647426,1.2897622935295485,0.7773532497303336
-1.567745089466085,-1.6956604679206282,-1.833992196821928,-0.730106268435936,1.7827509358506295,-0.8903636392605898,-0.4635065492261887,-1.0664792467771549,-0.6501114627270331,1.4505551038839153,0.18227409872778946,-1.2864164398192244
0.45521705701100723,-1.2484458615303766,-0.8218601326045097,0.10006600857169949,0.7746287470773727,-0.8906692968186454,1.074907822171769,0.8404091789333836,0.846812821570884,0.4359033847204865,1.5666343422299882,-1.2864164398192244
-0.6118954752556589,-2.0446823020382374,-3.252068254744263,-0.4797101767878839,1.7827509358506295,1.357941209690407,-0.002763158807511082,2.004655459133936,2.167504138147221,-1.5278947606258966,-0.09459794997265028,0.7773532497303336
-0.6371825020866226,-1.0280792438888036,-0.3873098422127947,-0.8141318025460205,1.7827509358506295,-0.6917684616164995,0.2783684014479533,0.3994654050368291,-0.39887024841320856,0.3897298399247004,1.0128902448291086,-1.2864164398192244
-0.5663788269599243,-0.337813220982111,0.01951888231748726,0.570608999588173,0.9323093971162668,0.25804685246954945,-0.614224302363146,0.3221068482128721,-1.6386546116264555,0.7275936656022476,-1.478958193474849,0.7773532497303336
-1.092348985043968,-1.3813139692260312,-1.5005961307969302,-0.6864129906986919,1.7827509358506295,1.3707904428355102,1.3482301724201369,1.8073911392328452,-1.4243713440558967,-0.339840440972208,-0.37146999867309005,0.7773532497303336
-1.173267470903052,-1.3132595726014276,-1.7447818385976361,-0.4292948563218331,1.5733717120284918,0.7206192456932745,0.6610196917956688,-1.1593095149659032,0.08569758928075834,3.4529990748974946,-1.2020861447744093,0.7773532497303336
-1.8155579524095287,-1.6470501846173398,-1.9964877584139435,-0.47634915542348055,1.7413920768240345,0.951905442305137,1.3404209624130408,-1.414592752484961,-1.4658079385325826,-0.6628432061165533,1.0128902448291086,-1.2864164398192244
-0.025236452777301976,-1.4169615103151092,-0.05509341728828372,-0.8174928239104239,1.813770080120576,1.5609590933830417,-0.7329242944710086,-0.7686488030049207,-2.1009384459638922,-1.6006980536066233,-0.9252140960739695,0.7773532497303336
0.2428060316309124,-1.9263972793335695,-2.686725257336107,-0.15705212580515915,1.813770080120576,1.4633049214802554,-0.6907545604326891,-0.1884596268252437,0.18688589863990568,-1.6203478744305475,1.2897622935295485,-1.2864164398192244
-0.6523547181852007,0.3362493741568186,0.3303543122956804,-0.8006877170884069,-0.755713660123877,-0.8891121239522567,-0.3854144491552263,-0.6139316893570068,-0.9289892106153778,0.6006031643872008,-0.09459794997265028,-1.2864164398192244
-1.304760010424063,1.1107732214558772,0.9593979291301072,2.0662635067476782,-0.750789370971023,-0.889148101805063,1.480986742540773,-0.8382715041464819,-0.3792443042805779,-0.7159878429222659,-1.2020861447744093,0.7773532497303336
-0.33879558548125155,1.0816070514739042,0.5171799715852301,0.9571264564945619,-0.6907673268086768,-0.8254004863255756,0.21589472139118338,-0.7763846586873163,1.2911092414342584,-0.3439577145800986,0.45914614742822923,0.7773532497303336
-0.21236045132643316,1.0783663659203517,0.7767010136922604,0.6210243200542238,-0.7581398741915246,-0.8736622060185842,2.0198222330304128,-0.4514787200266973,-0.3846332462687589,-0.45081245066127684,-0.9252140960739695,0.7773532497303336
-1.0316601206496556,0.6117076462087849,0.0966379192617925,0.009318431732808136,-0.7473514158144373,-0.8099814065514515,1.145190712235635,-0.0027990904477468857,-0.6659141709896707,-0.45976266131533944,-1.2020861447744093,-1.2864164398192244
-1.0822341743115826,0.5793007906732595,0.6845415527167524,1.2596183792908666,-0.757386108985765,-0.8762834495801853,3.175585314080655,-0.6487430399277875,0.07466482291306441,-0.005272201251191325,-1.478958193474849,0.7773532497303336
-1.2895877943254848,1.0200340259564058,1.0049615666363985,0.6546345336982576,-0.7581951916654728,-0.8667236201202284,-0.6493657473950789,-0.7028940297045573,-0.7483504187007571,-0.03884653539278858,0.18227409872778946,0.7773532497303336
-1.07717676894539,1.0492001959383788,0.6712705903362793,1.0243468837826295,-0.7574300527734806,0.31201363167898405,-0.5806446993326322,-1.1012905973479354,1.1469550432504287,0.1932316316854575,-0.37146999867309005,-1.2864164398192244
-0.4652307196360696,0.906610031582067,0.16712147501586092,-0.6612053304656667,-0.7582234966346191,-0.7758024463854761,-0.3776052391481301,-1.0935547416655398,0.7073193299714263,-0.2467070051336352,1.0128902448291086,0.7773532497303336
-1.6183191431280122,1.010311969295748,0.8520505889858356,1.3100336997569173,-0.7582253836325622,1.3990587557547383,0.12218420130602874,0.17125766240615617,-1.0145568705628398,-0.012340482123106537,1.5666343422299882,-1.2864164398192244
-1.7700413041137941,1.0492001959383788,0.19218884840119907,0.7386600678083423,-0.7582188437629785,1.5172717006896903,-0.2292302490133018,-1.4114984102120027,0.6496430859898178,0.3950487212808166,-0.09459794997265028,0.7773532497303336
-0.035351263509687446,1.091329108134562,0.9086733618091878,-0.26796583083047093,-0.7579824520343545,-0.7133551733002733,0.7781578419021123,0.035880187964231404,-0.49528861587741285,-0.5411450802043533,1.2897622935295485,-1.2864164398192244
-1.2187841191987865,1.0265153970635108,0.8564742431126601,1.2764234861128834,-0.7581054946399588,0.7771558715317298,0.6219736417601875,-0.9504414115412194,-0.21804939764763615,-0.05645539011494735,1.5666343422299882,0.7773532497303336
-1.663835791423747,1.032996768170616,0.8126800672570987,-0.12008089079672206,-0.7582216871845366,-0.5308960626398039,-0.5181710192758623,-0.934969700176428,-0.262253286658793,-0.45081245066127684,-1.478958193474849,-1.2864164398192244
-0.2477622888897823,0.9033693460285144,0.565250346430055,-0.3402277901651436,-0.758191314272439,-0.830540179583617,-0.1120920989068582,-0.7725167308461185,0.5273359499202326,-0.3631392617962585,0.45914614742822923,-1.2864164398192244
-0.4804029357346478,0.8255928927432532,0.11374271521884671,-0.4225728135930264,-0.7413802305424725,-0.5283262160107833,-0.8617762595880964,-1.403762554529607,-0.01978730896085714,1.5569150603040594,-1.478958193474849,-1.2864164398192244
-1.3806210909169538,1.039478139277721,0.6796755331772457,1.713356263485323,-0.7528831632092443,-0.8906442665124787,-0.14332893893524315,-0.4514787200266973,0.5664421911047326,-0.17349728600277337,1.2897622935295485,-1.2864164398192244
-1.13280822797351,0.8742031760465414,0.5130512277335274,-0.07806812374167975,-0.7582173962029126,-0.8367078114932666,-0.889889415613643,0.3685219823072463,0.44133134873048596,0.036898929500872805,0.18227409872778946,-1.2864164398192244
-0.4348862874389132,1.0783663659203517,0.7284831837098746,0.8731009223844777,-0.7581998445371132,-0.8536687992448032,-0.5025525992616698,-0.7879884422109098,-0.7481319480796147,-0.3969168090129233,1.2897622935295485,-1.2864164398192244
-0.9355694186919936,0.7348536972437818,-0.029878588765384847,0.3017272904359024,-0.7378130289514288,0.7103398591771917,-0.5181710192758623,-0.1188369256836824,0.8828604740593895,-0.8522908041860608,-0.09459794997265028,-1.2864164398192244
-0.6220102859880444,1.0945697936881145,0.9824009305895941,0.1269541794869266,-0.7573473350554275,-0.8842756725964398,1.855828822881392,-0.4901579984386756,-0.4924849095727509,0.002741462187342546,-0.9252140960739695,-1.2864164398192244
-1.3401618479874122,1.062162938152589,0.8330288762404909,0.6378294268762407,-0.7575205252776014,-0.8892534655168527,-0.9078505986299643,-0.4901579984386756,0.8670941775669425,-0.9898218792513511,1.2897622935295485,-1.2864164398192244
-1.41096552311411,1.0816070514739042,0.14809976227051613,0.5538038927661563,-0.7581274665338166,0.17838160696990782,-0.2917039290700717,-0.9543093393824172,-0.9766158060244333,-0.37576497850371704,-1.2020861447744093,0.7773532497303336
-2.124059679747285,0.747816439457992,0.362204622008816,0.4361681450120378,-0.7581866614007984,-0.4974880564625349,1.207664392292405,-0.6371392564041939,-1.422623579086757,-0.2909456080407345,-1.478958193474849,0.7773532497303336
-1.921763465099576,0.9390168871175921,1.0263425615827162,-0.46794660201247207,-0.758181750036289,-0.8851751189165971,-0.9492394116675743,-0.7763846586873163,-0.9509819198103855,1.9598247407054061,0.18227409872778946,-1.2864164398192244
-1.026602715283463,0.932535516010487,0.33536778697274816,0.022762517190421817,-0.7581370307699665,-0.3895544980436657,0.2939868214621458,-0.4360070086619059,-1.287208205748625,-0.2518403441168636,-1.2020861447744093,0.7773532497303336
-0.7231583933118991,1.032996768170616,0.8869974565877483,0.7218549609863253,-0.7568019151020142,-0.6652990413375863,-0.6462420633922404,0.22540865218292605,1.9842801105490808,-0.8832675451072293,-1.478958193474849,0.7773532497303336
-1.360391469452183,1.039478139277721,1.045511729465622,0.385752824545987,-0.69464471984242,-0.8906745907027013,-0.3854144491552263,-0.3895918745675317,-0.5559870367848248,-0.1223671092455567,-0.9252140960739695,-1.2864164398192244
-1.360391469452183,1.0880884225810095,0.7575318458093547,1.763771583951374,-0.757512770491534,-0.886537137629978,-0.1901841989778206,-1.2552341254276098,-0.020151426662761422,0.19157942103164732,0.18227409872778946,0.7773532497303336
-1.1277508226073172,0.8677218049394364,0.8659113719165521,0.8562958155624607,-0.7558015476993084,-0.8875136793490058,1.2467104423278863,0.2060690129769368,1.0554158529917395,-0.36056817462909935,0.18227409872778946,0.7773532497303336
-1.208669308466401,0.913091402689172,0.7883499695595647,1.2932285929349003,-0.7494193587657669,-0.8906745907027013,1.7855459328175258,-0.4205352972971145,0.47701488351708776,-0.30885486469994966,1.2897622935295485,-1.2864164398192244
-0.7838472577062117,0.5080057084951037,0.02615436350772408,-0.309978597885513,-0.6762917261493685,1.2551473445295789,1.0983354521930577,1.1266358391820241,-1.7440666863276906,-1.4707653804786418,-0.6483420473735297,-1.2864164398192244
-0.8192490952695608,0.8061487794219379,0.2489590763621119,0.1101490726649097,-0.7579289440104889,-0.8906579894934779,-0.5962631193468246,1.033805570993276,-0.6080194563869197,-1.2383337993568,1.2897622935295485,-1.2864164398192244
-1.9065912490009977,0.9714237426531176,0.8967294956667619,3.8644099367034883,-0.7571818996193211,1.2525774979005582,-0.7055920594461719,-1.4049229328819666,-1.4593994669790704,1.7297345276223863,1.2897622935295485,-1.2864164398192244
-1.7498116826490233,0.9454982582246971,0.6226103949412112,-0.08983169851709145,-0.7581496969205435,1.139504246223648,-0.6532703523986271,-1.4033757617454874,-0.2658944636778337,1.09502057602658,-1.2020861447744093,0.7773532497303336
-0.9810860669877283,1.0556815670454838,0.5751298406466294,0.04292864537684199,-0.7570733326143764,-0.8899498939533174,1.1529999222427314,-0.38572394672633387,1.0366273795734886,0.030069203108384734,0.18227409872778946,-1.2864164398192244
-0.5259195840303824,1.1010511647952195,0.526764555526683,0.14207877562674182,-0.7581954501583417,-0.8741504768780982,-0.268276299048783,0.252484147071311,-0.7475493597565684,-0.3756501189395484,1.0128902448291086,-1.2864164398192244
-0.38936963914317885,1.0297560826170635,0.8408439985312138,0.2076186922326078,-0.7580982568396291,-0.8904317401962588,1.074907822171769,-0.7570450194813272,0.7087029772386623,0.004755922235838382,-0.37146999867309005,-1.2864164398192244
-1.4463673606774592,1.0848477370274567,0.7893821555224904,1.141982631536748,-0.7580778359029847,0.3557010243723358,0.059710521249258824,-1.174007640762455,2.341006223104521,0.39349369948899526,-1.478958193474849,0.7773532497303336
-1.4868266036070013,0.9746644282066701,0.7442608834288816,0.6546345336982576,-0.7580703396097862,-0.16083814806082394,-0.42446049919070755,-0.9968565456355936,0.3149825061697657,-0.06497266856560518,1.5666343422299882,-1.2864164398192244
-1.0518897421144267,0.8871659182607516,0.376360315214654,-0.04109688873324241,-0.6918012982843417,-0.8902479961622838,1.074907822171769,-0.26968611149039834,1.8700563874617668,-0.4805875838342197,0.18227409872778946,0.7773532497303336
-0.04546607424207291,1.1107732214558772,0.9800416483886211,0.5369987859441394,-0.7566106303790162,-0.8598364311544529,0.012855261206681396,-1.0316678962063741,-0.5301710917198249,-0.23805719641662895,-1.2020861447744093,0.7773532497303336
-0.5006325571994188,1.0816070514739042,0.7892347003849295,0.4361681450120378,-0.7582181458322325,0.8131337243380196,0.8250131019446894,-1.3182813492391345,0.3427282750548576,-0.5152486661598739,0.7360181961286689,0.7773532497303336
-0.5208621786641897,0.7737419238864124,0.6488574094270358,-0.6292756275038344,-0.7582267277954804,1.3784999827225726,-0.707153901447591,0.33757855957766353,-0.01851289700419294,-1.558880336898155,0.7360181961286689,0.7773532497303336
-0.5006325571994188,0.9746644282066701,0.581028046149062,1.1083724178927141,-0.7578850002227733,-0.7238915444792581,-0.6712315354149485,-0.7261015967517443,0.39009998807258073,0.5659244113593669,-1.2020861447744093,0.7773532497303336
-1.0063730938186919,0.9357762015640395,0.07216036642669754,0.6378294268762407,-0.6998145772207445,1.2243091849813306,0.7703486318950161,-0.6487430399277875,0.8895602397744248,-1.2193643005667976,-0.6483420473735297,0.7773532497303336
-2.0481985992543943,0.8255928927432532,0.31900026670349785,0.5538038927661563,-0.7582219198281187,0.6872112395160055,-0.8281966565575827,-1.2842435842365938,-0.9710448051853006,-0.04921040222123426,1.0128902448291086,0.7773532497303336
-0.3539678015798297,0.9649423715460125,0.7243544398581719,-0.261243788101664,-0.7563443827240326,-0.8886367023258879,-0.42446049919070755,-1.0123282570003849,-1.2042257814846822,-0.7634601843282665,1.5666343422299882,0.7773532497303336
-1.4514247660436521,0.8806845471536465,0.8477743899965721,-0.010847696453612037,-0.7576316772112354,-0.7932774034628169,0.09094736127764379,-0.784120514369712,-0.9146065613901662,1.9042238762967032,0.45914614742822923,-1.2864164398192244
-0.869823148931488,0.9843864848673277,0.5624486988163997,-0.2965345124278996,-0.7582198260358803,-0.8611213544689632,3.9096510547477017,-0.2890257506963876,-1.0218392246009218,0.8451568472043773,-1.478958193474849,0.7773532497303336
-0.6220102859880444,1.0005899126350906,0.718013868943057,1.158787738358765,-0.7373994403611628,-0.6365167590925546,2.5898945635484383,-0.3354408847907618,1.8031679656219852,-0.756162184328014,1.2897622935295485,-1.2864164398192244
-0.1314419654673494,1.062162938152589,0.8426134601819436,2.335145215899949,-0.7581639140283338,-0.8518699066044888,1.0046249321079028,-1.0819509581419462,-0.023355662439517217,-0.6210343247591749,1.0128902448291086,-1.2864164398192244
0.20740419406756325,1.0880884225810095,0.9220917793272216,0.789075388274393,-0.7572723721234418,-0.8899704527263496,-0.4556973392190925,-0.8382715041464819,-0.1659441545051605,0.007936648628200227,1.2897622935295485,-1.2864164398192244
-0.16684380303069854,1.0945697936881145,0.7477998067303412,0.385752824545987,-0.757981676555748,-0.8441603667174267,1.2623288623420788,-0.582988266627424,-0.018804191165716053,-0.48191288649770375,1.5666343422299882,-1.2864164398192244
-0.6978713664809354,0.7348536972437818,0.8421710947692612,-0.8427004841434492,-0.7582164914778714,-0.49234836320449354,0.5907368017318027,-0.8266677206228883,-1.0389891683606043,0.5725597600278772,-0.09459794997265028,0.7773532497303336
-0.8597083381991026,0.5922635328874697,-0.5397784544506751,-0.8393394627790458,-0.7390020961484434,0.9056482029827644,1.9026840829239695,0.3530502709424549,-0.7433984179548616,-0.1539446540408379,0.45914614742822923,0.7773532497303336
-1.739696871916638,0.9422575726711446,0.7955752713000445,0.3185323972579193,-0.7582116059626489,-0.6336899278006317,1.7621183027962375,-0.6023279058334132,-0.2641831104788846,-0.02836780900017428,-0.37146999867309005,0.7773532497303336
-1.5525728733675066,0.9746644282066701,0.8387796266053625,0.22610430973682644,-0.7580842982247077,-0.14284922165767908,-0.40884207917651505,-0.9233659166528345,-0.8375956674374507,0.029600929500620352,0.7360181961286689,0.7773532497303336
-1.13280822797351,1.1010511647952195,0.8970244059418835,0.2395483951944399,-0.7581902803009634,0.7565970984995642,1.2857564923633675,-0.103365214318891,-0.1490855049070007,-1.0008395620604489,0.18227409872778946,0.7773532497303336
-0.5512066108613461,0.7316130116902293,0.42487305547216137,-0.7368283111647427,-0.7582289508341532,1.0058722215145717,2.0822959130871825,-0.7106298853869529,-0.019459603029143447,-0.30210465646727064,1.5666343422299882,-1.2864164398192244
-0.7332732040442845,1.010311969295748,0.7961650918502877,-0.10495629465690688,-0.7582166724228797,1.088107313643234,0.5829275917247064,-1.2517529903705318,-0.8944344407046794,0.1883986946392855,-1.2020861447744093,0.7773532497303336
-1.4362525499450738,1.0070712837421956,0.6366186330094883,0.9907366701385957,-0.757610997781722,-0.8852522143154676,-0.3697960291410339,-0.9427055558588238,1.06699479591229,0.7663455154825227,1.2897622935295485,-1.2864164398192244
-1.249128551395943,1.1010511647952195,0.46247411555016854,1.2092030588248157,-0.7581173853119288,-0.4358117373660383,0.8015854719234011,-1.3708851678794254,-0.22365681025695905,-1.1991048405176707,-0.9252140960739695,0.7773532497303336
-1.790270925578565,0.9714237426531176,0.40231241942535706,0.7050498541643084,-0.7581243646193897,1.0238611479177164,-0.5025525992616698,-1.0316678962063741,1.1184446271913377,1.6184267745919014,0.45914614742822923,-1.2864164398192244
-0.28316412645313144,0.5047650229415511,0.4040818810760868,-0.9065598900671135,-0.7552612976032737,-0.8906745907027013,-0.6040723293539209,0.728239271538646,-1.2966752659981315,-0.1247349833376483,-1.2020861447744093,0.7773532497303336
-0.2882215318193242,0.647355187297863,0.40865299034047203,-0.7687580141265747,-0.756861368461865,-0.6442262989796167,0.6844473218169574,0.8094657562038008,0.609480903469796,0.4545194694668932,0.45914614742822923,0.7773532497303336
-0.5208621786641897,1.0459595103848263,0.8816890716355591,0.2849221836138857,-0.7582167758200272,-0.09659198233530651,-0.010572368814607321,-0.28515782285518976,1.1706955174145752,-0.438796373179021,-0.9252140960739695,0.7773532497303336
-1.4868266036070013,1.0945697936881145,1.0648283524860882,0.6210243200542238,-0.757882415294084,-0.8906669068612806,0.8718683619872668,-1.4138191669167215,-0.3829947166101904,0.5978818762515135,-0.09459794997265028,0.7773532497303336
-1.1682100655368592,1.1107732214558772,1.0605521534968247,2.3687554295439823,-0.7471704708061959,-0.8906745907027013,1.2779472823562712,-1.2304793872439435,0.6604573817363693,-0.46950805356749253,1.0128902448291086,0.7773532497303336
-1.582917305564663,0.6084669606552324,-0.30827388848019915,0.0042768996862031505,-0.7582145269320677,1.355371363061386,0.3642697115260119,-0.7106298853869529,-0.8335539609463151,0.20112160020873288,0.18227409872778946,0.7773532497303336
-0.6978713664809354,1.0070712837421956,0.58250259752467,1.2260081656468327,-0.7569182368930266,-0.8022718666643894,2.386855103363936,-0.2967616063787833,2.11226748276837,1.665315982825969,1.5666343422299882,0.7773532497303336
-0.39948444987556436,1.1010511647952195,0.5381186011188656,0.7218549609863253,-0.7571172764020921,-0.8133222071691782,1.2467104423278863,-0.9581772672236152,0.2797359126254499,-1.3877130802336382,-1.2020861447744093,0.7773532497303336
-1.587974710930856,1.0589222525990365,0.19513795115241525,1.3436439134009512,-0.7572956364816442,-0.88802764867481,1.0983354521930577,-1.0200641126827807,-0.9107469137499831,-1.037594622594408,-1.2020861447744093,0.7773532497303336
-1.3401618479874122,0.8806845471536465,0.24291341572211853,2.015848186281627,-0.7581887293437498,1.5172717006896903,-0.7235532424624932,-1.109026453030331,0.3010367981868396,-0.2403102109445519,1.2897622935295485,-1.2864164398192244
-1.304760010424063,1.1010511647952195,0.6077174260475691,0.48658346547808856,-0.7581755462074351,-0.7562716120049189,-0.6821644294248832,-0.8266677206228883,-0.4407801959023701,0.4235338931946349,-0.37146999867309005,0.7773532497303336
-0.4500585035374914,1.0427188248312738,0.6248222220046235,1.8982124385275092,-0.7581920897510457,-0.8824253830235449,-0.4322697091978038,-0.8808187103996582,-0.9942391027965913,-0.45750964678741646,-1.478958193474849,0.7773532497303336
-0.010064236678723772,0.9941085415279854,1.0118919581017565,-0.10495629465690688,-0.7568691232479325,-0.7662940138580996,0.6766381118098612,0.1132387447881884,0.19959360643635868,-0.3420757847979512,-1.2020861447744093,0.7773532497303336
-1.395793307015532,0.9876271704208803,0.6631605577704347,1.410864340689019,-0.756160852787102,-0.8315681182352253,-0.033999998835896036,-1.2815360347477551,0.7065182710272376,0.08331986412717596,1.2897622935295485,0.7773532497303336
-0.25281969425597506,1.0070712837421956,0.43534237023897915,0.1639254144953637,-0.7581688253928432,-0.7238915444792581,1.145190712235635,-0.7454412359577336,-0.3116276470369878,0.3734374525149358,0.45914614742822923,0.7773532497303336
-1.6486635753251686,0.9779051137602227,0.41809011914436406,0.5874141064101899,-0.746214047191206,0.3993884170656876,0.2393223514124721,-0.20779926603123294,1.4336977334999021,-0.5295000874678729,0.45914614742822923,0.7773532497303336
-0.5461492054951533,0.9098507171356195,0.5491777364359264,-0.2847709376524876,-0.7564555346576665,-0.15055876154474115,0.879677571994363,-0.5559127717390391,0.050268936885490105,-0.3061070705109926,-1.478958193474849,-1.2864164398192244
-1.0670619582130045,1.0200340259564058,0.8023582076278418,0.1454397969911453,-0.7561634377157912,-0.8761292587824441,1.043670982143384,-0.6332713285629961,-1.055155994325146,0.3113867818106102,-1.478958193474849,0.7773532497303336
-0.7939620684385971,1.0524408814919313,0.7926261685488283,0.07821936970307758,-0.7581595196495623,-0.8819628106303211,1.5200327925762542,-1.2571680893482087,0.2648799103877628,-0.012693896166702297,-1.2020861447744093,0.7773532497303336
-0.3084511532840951,0.5922635328874697,0.6963379637216175,-0.8208538452748272,-0.7576626963555052,-0.5103372896076385,0.7313025818595349,0.5812580135731281,0.3439662752413312,-0.7416722085405878,-1.478958193474849,0.7773532497303336
-0.06569569570684386,1.0589222525990365,0.82742558101318,1.0411519906046465,-0.4480425228963465,-0.8906745907027013,-0.6493657473950789,0.0900311777410013,-1.0393532860625085,-0.5759298574452659,-0.9252140960739695,0.7773532497303336
-0.4146566659741425,1.0880884225810095,1.073675660739737,1.6629409430192723,-0.7561453432149672,0.9082180496117851,-0.17456577896362813,-0.807328081416899,0.1610699535749059,-0.002559748466593863,-0.37146999867309005,-1.2864164398192244
-0.060638290340651116,1.0589222525990365,0.3530624034800456,1.746966477129357,-0.7582116059626489,-0.8869740115569115,1.2154736022995012,-0.9736489785884065,0.2346945528999132,0.5806176002218606,0.7360181961286689,0.7773532497303336
-0.8799379596638736,0.8061487794219379,-0.48168113025171483,-0.31670064061431996,-0.7581551252707908,1.1600630192558135,-0.3151315590913602,-0.6410071842453917,1.4387225577861777,-0.2931897872175676,1.0128902448291086,0.7773532497303336
-0.6523547181852007,0.8904066038143041,0.23937449242065903,1.5621103020871707,-0.7544082711358501,-0.8901863198431873,2.621131403576823,-0.2542144001256069,0.19132813460313614,-1.5361469785438577,0.45914614742822923,0.7773532497303336
-0.10615493863638573,0.8450370060645686,-0.6251549790983857,-0.28981246969909286,-0.7517716438729046,-0.8901786103033003,-0.07304604887137701,-0.0801576472717039,-0.38528865813218627,-0.29990465404588706,-0.9252140960739695,0.7773532497303336
0.1113134921099013,0.968183057099565,0.7370355816884018,0.10174651925390123,-0.7353573466967246,-0.8906621526450168,2.472756413441995,0.5967297249379194,0.636534848721271,-0.7787895184692325,0.18227409872778946,0.7773532497303336
0.11637089747609403,0.7640198672257548,0.4778094498564931,-0.6981765654741037,-0.7550028047343574,0.6435238468226536,0.4579802316111666,-0.7183657410693487,-0.020916073836760047,1.0561361958799564,1.0128902448291086,0.7773532497303336
-0.14661418156592762,0.932535516010487,0.8460049283458423,-0.6763299266054819,-0.7575282800636688,-0.004077503690561553,1.6996446227394677,-0.2194030495548265,-0.3858348346850424,-0.9222137727114821,1.2897622935295485,0.7773532497303336
-0.09098272253780752,1.0589222525990365,0.9020378806189512,-0.23771663855084033,-0.7533484503732936,-0.3021797126569621,-0.5259802292829585,-0.27742196717279405,0.1626356596930932,-0.2716226952071363,0.45914614742822923,-1.2864164398192244
-0.32362336938267333,1.0167933404028533,0.8622249934775318,-0.04949944214425087,-0.7580188995288718,-0.8901837499965584,1.5278420025833503,-0.9388376280176259,0.70768344767333,0.34507597551637603,-0.9252140960739695,0.7773532497303336
0.10625608674370857,0.8806845471536465,0.6010819448573326,-0.8477420161900543,-0.7579547932973806,-0.7213216978502375,0.2783684014479533,0.7359751272210416,0.5263164203549014,-0.18751898818243518,1.2897622935295485,-1.2864164398192244
-1.7852135202123722,0.3816189719065543,-0.07499986085899339,-0.7418698432113477,-0.6866314409060172,-0.8905463553559132,1.0514801921504804,-0.8653469990348669,1.3120460092937443,-0.2666837339478855,-1.2020861447744093,0.7773532497303336
-0.14155677619973486,0.9843864848673277,0.896582040529201,1.3100336997569173,-0.7577299045014235,-0.8903790583403639,1.6996446227394677,-0.6951581740221615,-0.4757354952851628,-0.7495621770638632,0.18227409872778946,0.7773532497303336
-0.47028812500226236,1.0654036237061415,0.5914973609158797,-0.4024066854066061,-0.758227787616243,1.1574931726267927,1.4966051625549655,-0.5249693490094562,-0.2930940560100695,1.163468040919989,-0.9252140960739695,-1.2864164398192244
0.3034948960252252,0.9714237426531176,0.6728925968494484,1.158787738358765,-0.7577686784317609,-0.7328860076808306,-0.48693417924747734,-0.73383745243414,-0.02113454445790251,-0.4980462375878502,0.18227409872778946,0.7773532497303336
-0.7231583933118991,1.1042918503487722,0.9492235246384113,0.8058804950964099,-0.7578100372907876,-0.8886058641663396,1.0514801921504804,-1.1863850098542883,0.7054259179215253,0.14386852514621964,-0.9252140960739695,0.7773532497303336
-1.8003857363109503,1.0492001959383788,0.5705587313822443,-0.24779970264405052,-0.7579811595700101,0.8927989698376609,0.012855261206681396,-1.2409227924151778,1.3350218362838926,0.9530718254163428,-0.09459794997265028,-1.2864164398192244
-2.1038300582825142,0.9487389437782497,0.7183087792181786,0.24795094860544836,-0.751952588881146,-0.8792644716698493,-0.08085525887847325,-0.8962904217644495,1.9831149339029883,-0.2788323416964898,0.45914614742822923,0.7773532497303336
-1.18843968700163,1.0751256803667992,0.39081091869561363,0.1723279679063722,-0.7582278651641038,-0.09916182896432721,-0.33855918911264893,-0.3354408847907618,-0.6462882268570399,0.2666180578381172,-0.9252140960739695,0.7773532497303336
-0.6118954752556589,1.0848477370274567,0.9518777171145058,1.7805766907733909,-0.7575386197784254,0.92620697601493,0.1768486713557024,-1.1361019479187162,-0.020005779581999606,-0.8288241116913023,-0.09459794997265028,0.7773532497303336
-1.3654488748183757,0.6959654706011512,0.3885990916322015,-0.31502012993211825,-0.7480234972736194,-0.8855091989783697,-0.4478881292119963,-1.2598756388370471,-0.7561789492916953,3.466552503469392,-0.9252140960739695,0.7773532497303336
-0.27810672108693874,1.039478139277721,0.7815670332317672,-0.076387613059478,-0.7579056796522866,-0.8905581766504066,1.5044143725620618,-1.116762308712727,-0.4564736688544364,0.2315152079579683,-1.478958193474849,-1.2864164398192244
-1.1075212011425464,0.9908678559744328,0.8145969840453893,3.914825257169539,-0.7525212731927617,-0.8906440095278159,1.207664392292405,-1.1477057314423098,0.4366706421461141,-0.45505341918442593,0.18227409872778946,-1.2864164398192244
-0.055580884974458386,0.9714237426531176,0.6150901829256097,0.21266022427921277,-0.7563107786510734,0.4533551962751223,-0.20580261899201308,-0.304497462061179,-0.02077042675599823,-0.7758296758541181,1.2897622935295485,-1.2864164398192244
-0.49557515183322604,1.0556815670454838,1.0127766889271215,0.16560592517756545,-0.7581279835195545,-0.8882229570186155,-0.7337052154717183,-0.7686488030049207,0.34476733418552097,-0.06343531747596362,-0.37146999867309005,-1.2864164398192244
-0.5764936376923098,1.0880884225810095,0.7357084854503545,1.6461358361972553,-0.7573680144849408,-0.8752555109285771,1.316993332391752,-1.209979369685595,0.48844817935687607,-0.8418032424423567,-1.2020861447744093,-1.2864164398192244
-1.1429230387058955,1.0880884225810095,0.45333189702139826,-0.0024451430426035738,-0.7582270638362101,-0.6079914615104248,-0.5572170693113435,-0.21553512171362865,1.8008740240999888,0.21501960747313614,-1.2020861447744093,0.7773532497303336
-0.27810672108693874,1.0589222525990365,0.7986718291888215,0.7554651746303592,-0.7570474833274847,-0.887025408489492,-0.5259802292829585,-0.3895918745675317,-0.49874773404550166,0.27757389318958575,0.7360181961286689,-1.2864164398192244
-1.07717676894539,0.7089282128153614,0.2926057970801125,0.46977835865607165,-0.7575256951349797,0.04988927551887309,-0.6813835084241735,0.03974811580542925,-0.965801510277882,0.5281709561522497,-1.2020861447744093,0.7773532497303336
-0.36408261231221517,1.003830598188643,1.1202714842089538,0.8394907087404438,-0.7580599998950296,-0.8661582538618439,-0.07304604887137701,-1.1322340200775183,0.1610335418047153,-0.03472042643380808,-1.478958193474849,0.7773532497303336
-1.13280822797351,1.010311969295748,0.798229463776139,0.9739315633165787,-0.7579366987965566,-0.8706811839289202,-0.8133591575440998,-0.7918563700521077,-0.9232361509252935,2.2784893484646136,0.45914614742822923,0.7773532497303336
-0.5410918001289606,1.0492001959383788,0.6581470830933671,-0.09991476261030166,-0.7568510287471083,0.3222930181950667,-0.572835489325536,-0.24647854444321124,1.8752996823691859,0.31339240650801614,1.2897622935295485,-1.2864164398192244
-1.2440711460297502,0.5857821617803646,-0.06644746288046628,-0.0024451430426035738,-0.6809445977898605,-0.8513559372786846,0.3798881315402044,-0.037610441018527535,-1.4356589928149237,-0.1381558816431973,1.0128902448291086,0.7773532497303336
-0.814191689903368,1.0135526548493008,0.8311119594522004,1.478084767977086,-0.754821859726116,-0.7691208451500223,0.473598651625359,-1.2621963955417659,0.7017847409024845,-0.2977841697843125,1.0128902448291086,0.7773532497303336
0.06073943844797395,0.9195727737962771,0.6445812104377723,-0.3872820892667909,-0.7571508804750512,-0.8770030066363111,1.5668880526188316,-0.1188369256836824,-0.9117300315451241,-0.5542390705195762,-1.2020861447744093,0.7773532497303336
-0.4348862874389132,1.0492001959383788,0.38432289264293795,-0.5267644758895313,-0.7538137375373428,-0.7423944402082071,-0.24484866902749428,-0.888554566082054,-0.8515777871905679,-0.38375213588898127,0.18227409872778946,0.7773532497303336
-1.092348985043968,1.1042918503487722,1.006731028287128,1.141982631536748,-0.7579315289391783,-0.8906745907027013,0.028473681220873872,-1.0432716797299677,-0.3646431844342239,-0.32228459835658857,-1.2020861447744093,-1.2864164398192244
-1.471654387508423,1.0848477370274567,0.6749569687752998,2.8392984205604566,-0.7413026826817978,1.4144778355288623,-0.36198681913393765,-0.6796864626573701,-1.0645866428044621,0.36534427091659294,1.5666343422299882,-1.2864164398192244
-0.21236045132643316,-0.02670740784106658,-0.13029553744429814,-0.7939656743596002,-0.7436808170758269,0.8157035709670403,0.8874867820014593,-0.48242214275627987,-0.9303728578826137,1.3318079852357396,1.5666343422299882,0.7773532497303336
-0.42982888207272046,1.0848477370274567,0.602261585957819,0.45297325183405474,-0.7572827118381985,-0.8906745907027013,-0.6985637704397852,-0.12270485352488024,-0.6714851718288035,-1.583380765470431,1.5666343422299882,-1.2864164398192244
-1.7750987094799868,0.8288335782968057,0.4742705265550336,-0.38896259994899257,-0.7582164914778714,1.2859855040778274,-0.2838947190629755,-0.3006295342199811,-0.20421292497528076,0.2933626655872264,-0.37146999867309005,-1.2864164398192244
-0.8394787167343317,1.0135526548493008,0.9449473256491476,0.20089664950380107,-0.7557239998386336,-0.7909645414966983,1.7230722527607565,-0.8924224939232518,-1.1124681206048503,-0.2558427581605856,-0.9252140960739695,0.7773532497303336
-0.7282157986780918,1.062162938152589,0.6780535266640768,0.9067111360285115,-0.7582057898730983,-0.883196337012251,-0.9492394116675743,-0.7918563700521077,0.7092491537915179,0.26474496340705966,-0.09459794997265028,-1.2864164398192244
-1.112578606508739,0.997349227081538,0.30454966322253824,-0.6679273731944734,-0.756494308588004,-0.2636320132216517,0.4345526015898781,-1.0432716797299677,-0.4059341318301481,-0.4633498138578364,-1.2020861447744093,0.7773532497303336
-1.2036119031002084,0.3427307452639237,0.14485574924417824,-0.5620552002157668,-0.7537361896766679,-0.8477581519980557,-0.686849955429141,-1.407630482370805,-0.3500056528176793,1.6066492515890727,0.7360181961286689,0.7773532497303336
-1.3856784962831465,0.7640198672257548,0.4918176879247704,-0.6208730740928259,-0.757499845848088,0.3402819445982116,0.8328223119517856,-1.208045405764996,-0.4321141945970527,3.2901988957151076,1.0128902448291086,0.7773532497303336
-1.5171710358041575,0.997349227081538,0.714032580228915,1.1755928451807818,-0.7581484044561988,-0.8906499201750626,1.5590788426117355,-0.9117621331292409,-0.3603465955517558,-0.17232218430781746,-1.2020861447744093,0.7773532497303336
-0.28316412645313144,0.5047650229415511,0.4040818810760868,-0.9065598900671135,-0.7552612976032737,-0.8906745907027013,-0.6040723293539209,0.728239271538646,-1.2966752659981315,-0.1247349833376483,-1.2020861447744093,0.7773532497303336
-1.3351044426212193,1.0880884225810095,0.8100258747810041,0.4361681450120378,-0.7582184560236751,-0.43067204410799687,-0.4400789192049,-0.7918563700521077,0.5775841927829983,0.04469170916215933,-1.2020861447744093,0.7773532497303336
0.07085424918035942,-0.6748445185515759,0.3352203318351873,-0.936809082346744,-0.7047259417301527,-0.8883951367427598,-0.7040302174447526,-1.0045924013179892,1.0715462671860911,0.8907472588282305,0.45914614742822923,0.7773532497303336
-0.6574121235513936,0.8417963205110159,0.6640452885957995,-0.6595248197834649,-0.7582258489197261,-0.02206643009370629,-0.1120920989068582,-0.20779926603123294,1.1476104551138562,-0.394027649206528,0.45914614742822923,0.7773532497303336
-1.5728024948322776,1.091329108134562,0.8514607684355925,2.267924788611881,-0.758197259608424,0.8902291232086402,-0.19799340898491682,-0.8227997927816905,-0.34884047617158637,3.398697007099006,-0.37146999867309005,-1.2864164398192244
-1.4059081177479174,1.0556815670454838,0.6027039513705015,-0.16713518989836937,-0.7554422426115149,-0.826685409640086,1.1764275522640202,-0.6294034007217982,0.33810398024067634,-0.5271498840779612,-0.9252140960739695,0.7773532497303336
-1.3907359016493392,1.0167933404028533,1.0617317945973113,0.21770175632581798,-0.7582185335715358,1.5840877130442277,1.207664392292405,-1.3407153307180824,2.0712314177637783,-0.1054032351529602,1.2897622935295485,-1.2864164398192244
-1.9318782758319613,1.0232747115099583,0.7536980122327737,0.13367622221573336,-0.7582195933922984,-0.5565945289300109,-0.9078505986299643,-0.1961954825076394,2.2917410980368977,-0.1864587460516479,-1.2020861447744093,0.7773532497303336
-1.6537209806913613,0.8742031760465414,0.7454405245293682,-0.24611919196184878,-0.7558584161304701,1.0212913012886957,1.5512696326046391,-1.1716868840577364,0.49278118000953475,0.7179454622120832,-0.9252140960739695,-1.2864164398192244
-0.6371825020866226,0.9746644282066701,0.9095580926345527,1.410864340689019,-0.7581316024197193,-0.8846611495907928,0.7234933718524387,-1.2026303067873192,-0.29382229141387806,0.26296905783799096,0.7360181961286689,-1.2864164398192244
-0.6068380698894662,1.032996768170616,1.0270798372705203,0.33533750407993623,-0.7580861076747901,1.4427461484480897,3.042828743960019,-1.2053378562761574,0.5259887144231883,0.6193252733466863,0.45914614742822923,0.7773532497303336
-1.8155579524095287,0.9292948304569344,0.6470879477763061,1.410864340689019,-0.7519008903073627,-0.8765404342430875,0.012855261206681396,-1.1724604696259757,2.163790137587799,0.11724761231236898,1.5666343422299882,0.7773532497303336
-0.7231583933118991,0.913091402689172,0.35188276237955907,-0.12512242284332706,-0.7581975181012929,0.6075459940163638,0.23151314140537585,-1.2200359820727094,-0.5647986851709039,1.9709042709721334,1.5666343422299882,-1.2864164398192244
-0.7939620684385971,0.6992061561547038,0.16712147501586092,0.41936303819002085,-0.7556231876197563,-0.8899087764072531,-0.5181710192758623,0.6470127868734911,0.7508313953489651,-1.0774597267120098,1.2897622935295485,0.7773532497303336
-1.4261377392126884,0.9357762015640395,0.21622403582361155,-0.14024701898314224,-0.7547701611523328,-0.6339469124635339,-0.66810785141211,-0.8537432155112733,-1.7277178015121968,0.6506465929603605,0.7360181961286689,0.7773532497303336
-1.3856784962831465,1.1010511647952195,0.7616605896610575,2.2175094681458303,-0.7580488847016661,0.977603908595344,-0.8852038896093852,-1.1593095149659032,0.13387036124267013,0.08981384717824806,-1.2020861447744093,0.7773532497303336
0.010165384786047166,1.1042918503487722,1.0853246166070414,0.11519060471151468,-0.7550803525950323,-0.8906745907027013,1.4341314824981954,-0.3277050291083661,-0.20392163081375714,-0.25136323515800935,0.18227409872778946,0.7773532497303336
-1.567745089466085,1.0265153970635108,1.0294391194714934,0.06309477356326239,-0.7582272447812183,-0.7840259555983424,0.8250131019446894,-0.6177996171982046,-0.649128344931892,-0.09798154023744922,-0.09459794997265028,-1.2864164398192244
1.375664833658084,-0.09152111891211757,0.33389323559713996,-0.28309042697028614,-0.7060184060747338,-0.8906745907027013,0.301796031469242,1.7687118608208667,-0.5645073910093809,-0.0544762714708111,0.45914614742822923,0.7773532497303336
0.45521705701100723,-0.5873460086056572,0.2579538397533215,1.51169498162112,0.9348943258054291,-0.8906745907027013,-0.9547058586725417,1.5056927676194134,0.13317853760905216,-0.4179449446068711,0.45914614742822923,0.7773532497303336
0.7283169467854144,0.4853209096202359,0.4214815873082627,-0.6107900099996159,0.3610401568114212,-0.5565945289300109,-0.5181710192758623,1.1769189011175962,-0.516334619047469,0.101573699478897,0.18227409872778946,-1.2864164398192244
1.6133628858691424,-0.2114264843935619,0.47530271251795936,-0.5855823497665904,-0.04737857607620587,-0.8906745907027013,-0.06523683886428078,2.039466809704716,0.7809439292964336,-0.1610306056149329,-1.478958193474849,0.7773532497303336
1.0165890526584003,0.6084669606552324,0.9303492670306273,0.8562958155624607,-0.4661370237204819,-0.8906745907027013,2.2462893232362036,0.5348428794787539,0.27172532318355985,0.1644813992389424,1.5666343422299882,0.7773532497303336
0.6726854877572949,-0.08503974780501247,0.3821110655795257,2.452780963654067,0.4721920904453956,-0.8906745907027013,-0.4791249692403811,0.9719187255341105,1.8048793188209344,-0.4440092303220584,-1.478958193474849,-1.2864164398192244
1.0165890526584003,0.5630973629054967,0.7205206062815908,-0.23267510650423534,-0.5801323789125347,-0.8906610476109663,-0.6517085103972079,1.033805570993276,-0.31312052961479503,-0.1895422835820209,0.45914614742822923,0.7773532497303336
0.9609575936302801,0.005699447694458914,0.6612436409821442,1.2596183792908666,-0.46355209503131967,-0.8906745907027013,-0.7961788955284882,1.4786172727310285,1.8742801528038546,0.10959619826852077,0.18227409872778946,-1.2864164398192244
0.38441338188430896,0.14504892649721818,0.7393948638893748,3.7635792957713865,-0.6266610953174543,-0.8864086452985269,-0.6829453504255929,0.7591826942682287,-0.10164096834889745,-0.41626622789979123,0.7360181961286689,0.7773532497303336
0.8142928380106909,0.5306905073699713,0.29127870084206514,1.746966477129357,-0.6457895676172546,-0.8906745907027013,-0.4400789192049,0.906163952233747,-0.8933784993691576,0.3013763290257603,0.18227409872778946,0.7773532497303336
0.36418376041953804,0.6019855895481273,0.6894075722562594,0.1454397969911453,-0.7385368089843941,-0.8906141993069192,2.2306709032220113,1.4244662829542585,2.313005571828097,-0.13615909229688125,0.18227409872778946,-1.2864164398192244
1.4919851570805167,0.06403178765840481,0.8058971309293014,-0.4376974097328416,-0.7202355138651259,-0.8739191906814863,-0.5962631193468246,-0.04921422454212109,-0.9674400399364504,-0.43983894460762846,1.5666343422299882,-1.2864164398192244
0.8952113238697746,0.3006018330677406,0.6882279311557729,-0.7687580141265747,-0.6424291603213437,-0.8895027406398678,-0.15894735894943565,-0.8034601535757012,-0.9303000343422325,-0.211542307795857,1.0128902448291086,-1.2864164398192244
1.1885408351089533,0.3816189719065543,0.9279899848296542,-0.46626609133027036,-0.006019717049610819,-0.8905301653221502,-0.04961841885008851,1.153711334070409,-0.7835241887046929,-0.36292721337010103,-0.37146999867309005,-1.2864164398192244
1.2239426726723024,-0.10772454667988032,0.3701671994370999,0.1874525640461876,-0.5548000777587453,-0.8906745907027013,-0.36198681913393765,-0.12657278136607808,0.7054987414619054,-0.4727064506620342,0.45914614742822923,0.7773532497303336
0.7687761897149562,0.3913410285672119,1.0319458568100273,1.360449020222968,-0.4015138064914269,-0.8904690029723795,-0.6173479863659844,1.1343716948644198,1.9485601639922894,-0.29826127874316677,0.45914614742822923,-1.2864164398192244
1.6133628858691424,-0.2243892266077721,0.2900990597415786,-0.5049178370209093,-0.060303219522016865,-0.8906745907027013,0.10656578129183626,1.9737120364043528,-0.27612617110133897,0.9813449489040037,1.5666343422299882,-1.2864164398192244
0.7384317575177999,0.9292948304569344,0.7050378168377055,2.335145215899949,-0.16111543839934256,-0.8906745907027013,1.1920459722782126,2.004655459133936,2.3857198768983436,-0.6676849785138154,-1.478958193474849,0.7773532497303336
1.5324444000100585,-0.8498415384434134,-0.007907773268823888,3.8644099367034883,1.3329733439364075,-0.889536148646045,-0.541598649297151,1.38578700454228,-0.8809984975044184,-0.9817552037062779,1.0128902448291086,0.7773532497303336
1.304861158531386,-0.052632892269486975,0.6877855657430904,-0.41921179222862304,-0.15336065233185597,-0.8892046384309014,-0.47131575923328495,0.2640879305949044,-1.0388799330500331,-1.0506709422074512,1.2897622935295485,-1.2864164398192244
0.9811872150950511,-0.11096523223343287,0.5146732342466963,-0.42425332427522816,-0.5346376339832801,-0.8906224228161322,-0.5884539093397284,0.6354090033498976,-0.9312831521373736,-0.2574684627611261,-0.6483420473735297,0.7773532497303336
1.0772779170527131,0.33300868860326605,0.5364965946056967,0.8058804950964099,-0.20764415480426215,-0.8906745907027013,1.3326117524059444,1.2117302516883768,-0.9659835691288338,-0.1672506927822183,-0.09459794997265028,0.7773532497303336
1.2340574834046878,0.21310332312182173,0.8144495289078284,1.713356263485323,0.10513221658436375,-0.8906260206014128,-0.614224302363146,0.9525790863281213,2.092969244567453,-0.33651834896240784,-0.6483420473735297,-1.2864164398192244
0.5310781375038983,0.23254743644313702,0.721847702519638,-0.8729496764230797,-0.682754047872274,-0.890399617113396,-0.11990130891395445,-0.1343086370484738,0.27529367666221943,-0.22756963467292474,0.45914614742822923,-1.2864164398192244
0.84969467557404,0.2390288075502421,0.33330341504689676,0.33533750407993623,-0.21022908349342437,-0.8906518218615681,-0.738390741475976,1.9543723971983635,1.6689905924703268,-1.1603176492330358,0.45914614742822923,0.7773532497303336
1.0165890526584003,0.49180228072734095,0.7741942763537266,-0.1486495723941507,0.056018571490281964,-0.8906745907027013,0.1924670913698949,0.5889938692555238,-0.9676220987874022,-0.6431845499415392,0.18227409872778946,0.7773532497303336
0.7232595414192217,0.6635586150656257,0.6405999217236303,0.03116507060143028,-0.5703096498937185,-0.8906663928919547,-0.900041388622868,0.503899456749171,2.0210195866712044,-0.5328045087754932,1.0128902448291086,0.7773532497303336
-0.15672899229831308,-0.22114854105421955,0.33831688972396434,0.7554651746303592,-0.7528573139223527,-0.8906745907027013,-0.6829453504255929,0.03201226012303355,-0.8216837238642419,-0.5039129107115399,0.45914614742822923,0.7773532497303336
1.1784260243765678,0.5015243373879986,0.8548522365994912,0.06981681629206912,-0.5395489984926882,-0.8899319050269143,-0.75088547748733,0.7978619726802073,-0.5654540970343314,0.4663676752784411,0.45914614742822923,0.7773532497303336
1.1632538082779895,0.008940133248011463,0.8095835093683216,-0.5872628604487922,-0.5829758004706131,-0.8906619470572864,-0.06523683886428078,0.25635207491250867,-1.0390619919009856,-0.06117346759695076,0.45914614742822923,-1.2864164398192244
0.7485465682501853,0.5890228473339171,0.6118461698992719,-0.9351285716645422,-0.17404008184515357,-0.8906670353536119,0.8952959920085555,1.3819190767010823,-0.1298236784762743,-0.2635295136087934,1.0128902448291086,0.7773532497303336
1.2745167263342296,0.04458767433708951,0.36500626962247146,0.08830243379628779,-0.5677247212045562,-0.8906745907027013,-0.8766137586015793,1.234937818735564,0.7102322715866595,-0.8589349882056612,-1.478958193474849,0.7773532497303336
1.1784260243765678,0.5533753062448391,0.6037361373334271,-0.48811273019889234,-0.09907714985944985,-0.889525869259529,0.6922565318240538,0.8404091789333836,-0.894725734866203,-0.11714541675142934,-0.09459794997265028,-1.2864164398192244
1.3099185638975788,0.14180824094366562,0.8933380275028633,-0.24611919196184878,-0.41185352124807567,-0.8906745907027013,-0.24484866902749428,0.28729549764209145,-1.038697874199081,-0.26715200755564994,1.2897622935295485,0.7773532497303336
0.8345224594754618,-0.35725733430342627,-0.42977692183030874,1.5621103020871707,-0.16370036708850477,-0.8906745907027013,-0.5806446993326322,2.0626743767519033,1.4392687343390345,-0.7813075935298524,-1.2020861447744093,-1.2864164398192244
1.0924501331512912,0.11264207096169268,0.7551725636083817,-0.5704577536267753,-0.7526763689141115,-0.615701001397487,-0.7055920594461719,-0.06081800806571464,0.34480374595571156,-0.2257053755929571,0.45914614742822923,0.7773532497303336
0.9761298097288583,0.35245280192458134,0.734528844349868,0.13367622221573336,-0.5046524611889985,-0.8906745907027013,0.8093946819304969,1.38578700454228,-1.0406641097893634,-0.48931691071103495,-1.2020861447744093,0.7773532497303336
1.411066671221433,0.6603179295120731,0.2448303325104091,-0.7116206509317173,-0.533345169638699,-0.8796242501979122,3.5738550244425635,1.8538062733272196,0.07368170511792332,-0.5178109179759431,1.2897622935295485,-1.2864164398192244
1.5324444000100585,-0.11420591778698541,0.679380622902124,3.393866945687014,-0.6799106263141955,-0.8906745907027013,-0.7165249534561067,-0.04534629670092324,-1.4041628116002198,-0.4040381019913779,0.45914614742822923,0.7773532497303336
1.213827861939917,0.3816189719065543,0.8968769508043227,0.1992161388215993,-0.6711218687710441,-0.8906707102342915,0.8250131019446894,1.6720136647909205,1.871075917027099,-0.01432843611833269,-0.09459794997265028,0.7773532497303336
1.5678462375734077,0.37189691524589663,1.0723485645016897,1.6797460498412893,-0.5382565341481071,-0.8903687789538478,-0.572835489325536,1.0454093545168697,-0.4582578455937662,-0.5661402884376634,0.45914614742822923,-1.2864164398192244
0.6575132716587166,0.19689989535405897,0.6784958920767592,2.8224933137384394,-0.29036187285745246,-0.8906720208560723,-0.5259802292829585,0.17512559024735402,1.944627692811725,-0.6577717145909542,-1.2020861447744093,0.7773532497303336
0.3995855979828872,0.968183057099565,0.6855737386796782,-0.5267644758895313,-0.7266978355880314,-0.8600934158173549,0.6766381118098612,-1.1786491541718924,0.233420140943249,-0.6816094918314883,0.45914614742822923,0.7773532497303336
1.304861158531386,-0.06559563448369718,0.5580250446895753,0.48658346547808856,-0.6101175517068163,-0.8906658018272301,-0.7227723214617836,0.8674846738217685,-1.0772215270605345,-0.865950256971037,-0.09459794997265028,0.7773532497303336
1.5577314268410223,-0.016985351180408934,0.47382816114235127,1.8309920112394416,-0.43253295076137327,-0.8906745907027013,-0.6118815393610171,-0.24261061660201338,0.05045099573644199,-0.9479511504363434,-0.09459794997265028,-1.2864164398192244
0.7586613789825708,-0.2697588243575078,0.28656013644011913,-0.19738438217799975,-0.4196083073155623,-0.8906416966658498,-0.48693417924747734,0.6972958488090631,1.8029859067710334,-0.802424082634699,1.2897622935295485,-1.2864164398192244
1.2644019156018442,0.297361147514188,0.7099038363772123,-0.25452174537285727,-0.3472303040190208,-0.8906745907027013,0.504835491653744,1.5056927676194134,-0.9943119263369724,-0.6033636225793869,-1.2020861447744093,0.7773532497303336
1.3099185638975788,0.7251316405831242,0.8253612090873286,-0.6343171595504394,-0.6090835802311514,-0.8906745907027013,0.8718683619872668,1.710692943202899,0.2738736176247939,-0.3362002763231717,-0.37146999867309005,0.7773532497303336
0.6575132716587166,0.12236412762235034,0.5845669694505214,-0.6864129906986919,-0.13009629412939624,-0.8906745907027013,-0.2995131390771677,1.2736170971475425,2.1611684901340893,-0.25996886711956607,0.7360181961286689,0.7773532497303336
0.42993003018004355,0.5598566773519441,0.8157766251458757,-0.9250455075713321,-0.49457123930126606,-0.8906745907027013,0.028473681220873872,1.037673498834474,0.5965183132820105,-0.7584417049092066,-1.478958193474849,0.7773532497303336
1.0873927277850985,0.5663380484590492,0.9036598871321201,-0.5183619224785229,-0.362739876153994,-0.8906745907027013,-0.9835999356987977,1.6410702420613377,-1.0768574093586303,-0.0804345329729197,-1.478958193474849,0.7773532497303336
0.8901539185035818,0.4302292552098425,0.8300797734892745,-0.26460480946606746,-0.6556122966360709,-0.8880533471411001,-0.8227302095526154,0.38786162151323555,-1.1505912439942092,-0.3886380850416926,0.45914614742822923,0.7773532497303336
1.466698130249553,0.2455101786573472,0.30042091937083554,0.6882447473422915,-0.7259223569812826,-0.8901066545976876,-0.8344440245632597,2.047202665387112,-1.0412831098826,-0.20734551602815735,1.5666343422299882,-1.2864164398192244
1.4312962926862038,-0.1855009999651415,0.2249238889396994,3.3266465183989467,-0.6059816658041567,-0.8898008428488342,-0.5806446993326322,0.6470127868734911,-1.476330940117611,-0.49475065163131976,1.5666343422299882,-1.2864164398192244
0.49061889457435637,0.7089282128153614,0.5434269860710548,3.2930363047549136,0.46443730437790903,-0.8906745907027013,2.972545853896154,0.6392769311910954,0.6770611489431966,-0.9533672206544483,1.0128902448291086,-1.2864164398192244
0.6878577038558725,0.2779170341928727,0.5799958601861364,0.46977835865607165,-0.14819079495353163,-0.8902968232482352,-0.5259802292829585,0.27182378627730003,-0.51374938336395,-0.9985335354259866,-1.478958193474849,0.7773532497303336
1.0823353224189058,0.9292948304569344,0.5208663500242505,-0.21418948900001666,-0.6013287941636648,-0.871272248653595,1.5668880526188316,1.0531452101992653,-0.056963726325265085,-0.5154253731816717,-1.2020861447744093,0.7773532497303336
1.0823353224189058,-0.1336500311083007,0.3564538716439443,-0.09151220919929319,-0.362739876153994,-0.8906745907027013,0.012855261206681396,0.453616394813599,-1.1497173615096394,-0.7692915160475965,0.45914614742822923,0.7773532497303336
0.5513077589686692,0.7867046661006226,0.6175969202641436,2.8056882069164226,0.06377335755776857,-0.8906745907027013,0.059710521249258824,1.4979569119370177,-1.0899656466271777,0.49787453726500314,-0.09459794997265028,-1.2864164398192244
0.4956762999405491,-0.10124317557277522,0.26517914149380134,-0.06294352760186456,-0.5354131125900288,-0.8906745907027013,-0.5337894392900547,-0.4050635859323231,0.699417975840107,-0.5452181770567943,-0.9252140960739695,-1.2864164398192244
0.5007337053067419,-0.39614556094605685,0.1762636935446312,1.1083724178927141,0.6557220273759118,-0.8906716096806115,0.1768486713557024,1.2001264681647832,0.794088578335172,-0.5920278671310528,-0.37146999867309005,-1.2864164398192244
0.5968244072644038,0.42698856965629,0.6823297256533403,0.9739315633165787,-0.10941686461609865,-0.8906685258646568,0.020664471213777635,0.8249374675685922,1.4389410284073203,-0.4499819276588268,0.18227409872778946,-1.2864164398192244
1.0671631063203275,0.18717783869340132,0.8084038682678351,0.46977835865607165,-0.4687219524096441,-0.8906700934711004,-0.8477196815753233,1.5289003346666006,-1.042047757056599,-0.32072957656476725,1.0128902448291086,0.7773532497303336
0.20740419406756325,0.5015243373879986,1.045511729465622,-0.5906238818131956,0.31451144040650164,-0.8906388698345579,3.0194011139387307,1.99691960345154,2.4590167702916377,-0.47744219884621736,0.45914614742822923,0.7773532497303336
0.49061889457435637,0.0899572720868252,0.4136664650175396,3.175400557000795,0.2162841502183382,-0.8905725677915292,-0.5806446993326322,0.14418216751777121,-1.116764709487319,-0.6679235329932425,-1.2020861447744093,0.7773532497303336
0.08096905991274489,0.8320742638503583,0.5931193674290486,0.1202321367581199,-0.4170233786264001,-0.8906745907027013,1.1998551822853087,1.1266358391820241,2.166193314420366,-0.38642041191812926,-1.2020861447744093,-1.2864164398192244
0.8345224594754618,0.47883953851313077,0.7638724167244697,-0.051179952826452615,-0.3937590204239404,-0.8893228513758363,-0.8125782365433902,1.8615421290096152,1.9445912810415344,0.41964633871508156,-1.2020861447744093,-1.2864164398192244
0.6423410555601384,0.36541554413879157,0.6930939506952796,0.13871775426233834,-0.6519933964712438,-0.8906745907027013,-0.48693417924747734,-0.47468628707388416,1.4396692638111288,-0.609018247276919,1.5666343422299882,-1.2864164398192244
1.411066671221433,-0.1466127733225109,0.5098072147071895,-0.7653969927621714,-0.029284075252070614,-0.8906745907027013,-0.7985216585306171,0.7205034158562502,-0.9664933339114994,-0.4437441697893616,0.18227409872778946,-1.2864164398192244
1.3250907799961564,0.054309730997747156,0.7997040151517473,0.41936303819002085,-0.5250733978333799,-0.8884799416815176,-0.632966406380177,1.412862499430665,1.873661152710618,-0.47341327874922573,1.5666343422299882,0.7773532497303336
1.0621057009541348,-0.32160979321434824,0.6935363161079621,-0.730106268435936,-0.6473405248307519,-0.8906745907027013,-0.5884539093397284,-0.811196009258097,0.16321824801613993,-0.2994275450870328,1.2897622935295485,-1.2864164398192244
0.9407279721655092,0.5436532495841814,0.7765535585546997,0.01940149582601834,-0.18437979660180237,-0.8906499201750626,1.0358617721362877,1.1227679113408262,1.8395433240422039,-0.5376286104705754,-1.2020861447744093,0.7773532497303336
0.9204983507007383,-0.46744064312421296,0.19543286142753696,-0.2629242987838657,1.2399159111265683,-0.7662940138580996,-0.6524894313979175,-0.31996917342597037,0.601215431636574,-0.6516311455834779,-0.09459794997265028,-1.2864164398192244
1.507157373179095,-0.14013140221540582,0.11241561898079935,2.3519503227219656,1.1416886209384047,-0.8906588118443991,-0.06523683886428078,0.9177677357573406,-0.022372544644376647,0.1000805251447049,-0.09459794997265028,-1.2864164398192244
1.4464685087847822,-0.4317931020351349,0.37341121246343784,4.2173171799658435,-0.2955317302357769,-0.49234836320449354,-0.7743131075086187,0.8172016118861966,2.0212744690625373,-0.12484100755072704,-1.478958193474849,0.7773532497303336
1.4919851570805167,0.1029200143010354,0.9918380593934861,1.1083724178927141,-0.740113615484783,-0.8906745907027013,3.9252694747618944,1.3277680869243123,-1.0390255801307948,0.4816174912595982,1.5666343422299882,0.7773532497303336
1.375664833658084,0.26819497753221505,0.5823551423871094,0.12191264744032164,-0.5457528273466775,-0.8906745907027013,-0.15894735894943565,0.4072012607192248,-1.038770697739462,-0.35514326905990445,0.45914614742822923,0.7773532497303336
1.097507538517484,0.517727765155761,0.8958447648413971,0.9235162428505285,0.012074783774524577,-0.8906699135818364,-0.15894735894943565,1.2155981795295747,-0.8204093119075772,0.3888993169222504,0.45914614742822923,0.7773532497303336
0.9710724043626656,0.7283723261366767,0.8942227583282281,0.07149732697427086,0.319681297784826,-0.8906719437606734,3.5113813443857933,1.791919427868054,-1.0394261096028892,-0.566926634684664,-0.6483420473735297,-1.2864164398192244
1.3099185638975788,0.20014058090761153,0.8287526772512274,-0.7553139286689612,-0.6026212585082459,-0.8906605593401068,-0.9820380936973784,1.0260697153108804,-0.5674931561649942,-0.559663976088771,-0.9252140960739695,0.7773532497303336
0.4349874355462363,0.6992061561547038,0.8073716823049094,1.0579570974266634,-0.060303219522016865,-0.8906745907027013,-0.7665038975015225,1.4089945715894672,1.7930819052792413,0.5211115106314244,1.5666343422299882,0.7773532497303336
1.1581964029117968,0.4658767962989206,0.6296882415441302,-0.762035971397768,-0.42219323600472447,-0.8906260206014128,-0.10428288889976196,0.585125941414326,-0.3827398342188573,-0.23793350150137044,1.2897622935295485,0.7773532497303336
1.1278519707146404,-0.18874168551869405,-0.10802981167261547,1.8141869044174246,0.1671705051242564,-0.8906745907027013,0.45017102160407035,1.2155981795295747,0.7094312126424698,-0.600182896187025,-0.9252140960739695,-1.2864164398192244
0.5310781375038983,0.21958469422892682,0.839959267705849,-0.23771663855084033,-0.7526246703403281,-0.889656931437609,1.2701380723491749,1.060881065881661,2.1656471378675093,-0.6785701310565647,1.0128902448291086,-1.2864164398192244
0.8092354326444982,0.968183057099565,0.9644114038071749,0.40255793136800394,-0.7057599132058175,-0.8906681403876624,-0.4791249692403811,0.650880714714689,-0.5307172682726811,-0.47613456688491307,0.45914614742822923,0.7773532497303336
1.5223295892776731,-0.3151284221072431,0.7386575882015707,0.9403213496725453,0.1335664321651478,-0.8906745907027013,-0.10428288889976196,-0.23487476091961768,-0.022518191725137943,-0.3481014942412589,-1.2020861447744093,0.7773532497303336
1.0469334848555567,0.3686562296923441,0.6131732661373192,1.8814073317054925,-0.27743722941164145,-0.8906745907027013,-0.17456577896362813,0.9641828698517149,-1.1130507089278971,-0.9381350753754711,0.45914614742822923,-1.2864164398192244
1.036818674123171,0.4755988529595782,0.9222392344647825,-0.7687580141265747,-0.5736700571896292,-0.8906745907027013,1.7855459328175258,0.7901261169978115,-0.9654009808057871,0.07577447429640648,-1.478958193474849,0.7773532497303336
0.5765947857996329,-1.2160390059948512,-0.3576713595630715,0.10342702993610298,1.7000332177974393,-0.8906745907027013,-0.5962631193468246,-0.29289367853758547,1.5073587445951,-1.1915064385803618,-0.9252140960739695,0.7773532497303336
0.9204983507007383,0.8515183771716736,1.0937295594480076,0.5538038927661563,0.2679827240015822,-0.8906671124490108,-0.6759170614192062,1.1150320556584306,1.727285836545172,-0.2429873223247898,-0.9252140960739695,0.7773532497303336
0.7788910004473417,-0.2632774532504027,0.6077174260475691,1.2260081656468327,0.5264755929178019,-0.8906641571253875,-0.40884207917651505,0.2060690129769368,-0.8212103708517664,-0.7117998865056562,-1.2020861447744093,0.7773532497303336
1.2593445102356515,0.3816189719065543,0.9498133451886545,-0.2780488949236809,-0.7375803853694042,-0.8803952041866184,-0.6126624603617267,1.513428623301809,-1.0400451096961265,-0.6923267727035297,0.18227409872778946,0.7773532497303336
1.4009518604890474,-0.11420591778698541,0.1659418339153743,0.33533750407993623,-0.533345169638699,-0.8906745907027013,-0.9929709877073133,1.7261646545676905,-0.16601697804554116,1.3966064501290223,-1.2020861447744093,-1.2864164398192244
1.3857796443904693,0.5371718784770763,0.8549996917370518,-0.5385280506649431,-0.4997410966795904,-0.8906745907027013,-0.6977828494390756,0.6160693641439087,-1.0391712272115567,-0.511069545094354,0.18227409872778946,0.7773532497303336
-0.36408261231221517,-1.5336261902430008,-0.36769830891720673,-0.8141318025460205,1.3898417750979757,-0.8906745907027013,-0.541598649297151,-0.9736489785884065,0.7256344503772026,-0.3582179712391875,-1.478958193474849,0.7773532497303336
0.5614225697010546,-0.5873460086056572,0.008312291862865683,-0.36711596108037065,-0.20764415480426215,-0.8904579526318749,-0.8820802056065468,-0.7454412359577336,1.2820427106568466,-0.7592192158051173,-0.9252140960739695,-1.2864164398192244
-0.49557515183322604,-0.14013140221540582,0.4446320439053103,1.0411519906046465,0.5394002363636128,-0.8906745907027013,0.7391117918666311,0.5657863022083367,-0.9275327398077616,-0.5669619760890235,1.0128902448291086,-1.2864164398192244
1.269459320968037,0.5533753062448391,0.8679757438424035,0.40255793136800394,-0.49457123930126606,-0.8906745907027013,-0.5337894392900547,1.5946551079669635,-0.8213196061623376,0.7858362999868289,1.5666343422299882,0.7773532497303336
0.7890058111797271,0.14180824094366562,0.42575778629752625,0.7050498541643084,-0.43253295076137327,-0.8904885338067602,0.3408420815047232,1.3471077261303015,-1.3858841029646338,-0.6379893635006816,-0.09459794997265028,-1.2864164398192244
0.28326527456045425,0.21634400867537426,0.580290770461258,4.4693937822960965,-0.4713068810988063,-0.8906745907027013,-0.4478881292119963,0.2679558584361022,2.3135153366107617,-0.5283514918261867,-1.478958193474849,-1.2864164398192244
1.4464685087847822,0.11912344206879778,0.7424914217781519,-0.37887953585578243,-0.22315372693923535,-0.8906531838802815,-0.01838157882170356,1.3200322312419166,1.1445882781880523,-0.4640124651895785,1.5666343422299882,0.7773532497303336
1.057048295587942,0.37837828635300175,0.9940498864568983,2.335145215899949,-0.4015138064914269,-0.8906745907027013,-0.22142103900620555,0.8829563851865599,2.0915491855300266,-0.4218855111929638,-0.09459794997265028,0.7773532497303336
0.5867095965320184,1.0167933404028533,0.83833726119268,0.7386600678083423,-0.3911740917347782,-0.8906745907027013,-0.9804762516959593,0.7630506221094266,-1.4225507555463763,-0.7050231722197075,1.0128902448291086,0.7773532497303336
0.9660149989964729,0.6959654706011512,0.7336441135245031,-0.6225535847750276,-0.6739652903291224,-0.8906745907027013,-0.75088547748733,0.7088996323326567,-1.0020312216173388,-0.3755882714819192,-1.2020861447744093,0.7773532497303336
0.6575132716587166,0.517727765155761,0.12465439539834683,2.503196284120118,0.08703771576022835,-0.8906745907027013,1.6215525226685052,0.9525790863281213,-0.8927230875057303,-0.485226143156414,0.45914614742822923,0.7773532497303336
0.5917670018982111,0.1936592098005064,0.398478585848776,-0.7737995461731799,-0.17145515315599136,-0.8885030703011788,0.536072331682129,-0.010534946130142586,1.5454454562142679,-0.810349392562334,-0.9252140960739695,0.7773532497303336
0.9660149989964729,0.48856159517378844,0.46778250050235787,-0.27468787355927765,-0.6985221128761634,-0.8906745907027013,-1.0070275657200864,0.0900311777410013,-0.5728820981531751,-0.3818260293513844,-1.2020861447744093,0.7773532497303336
0.09614127601132309,-0.06235494893014462,-0.16214584715743385,-0.3755185144913791,-0.744094405666093,-0.8906745907027013,-0.3854144491552263,0.1132387447881884,1.73245630791221,-0.15121453055406067,0.18227409872778946,-1.2864164398192244
1.4818703463481313,0.7218909550295716,0.7861381424961524,0.152161839719952,-0.6969711556626661,-0.8906529268956186,-0.6735742984170773,1.436070066477852,-0.9668210398432131,-0.9586772666594747,1.2897622935295485,-1.2864164398192244
0.925555756066931,0.32004594638905587,0.31059532386253164,-0.6494417556902546,1.040876402061079,-0.8906672923382748,-0.33074997910555265,0.7978619726802073,-0.7499525365891356,0.20383405299333032,0.18227409872778946,0.7773532497303336
1.0924501331512912,0.8158708360825956,0.8926007518150592,-0.2629242987838657,-0.3524001613973452,-0.8906650051747751,0.8015854719234011,1.5753154687609747,1.6532607077480703,0.04038005783029105,-0.9252140960739695,-1.2864164398192244
0.925555756066931,-0.5128102408739487,0.6445812104377723,-0.6981765654741037,-0.35498509008650736,-0.8906745907027013,-0.4166512891836113,1.714560871044097,1.7283417778806938,-0.41667265404992637,1.0128902448291086,0.7773532497303336
1.3807222390242766,-0.37022007651763644,0.6848364629918741,0.3017272904359024,-0.6762917261493685,-0.8906745907027013,-0.8149209995455191,1.567579613078579,-1.184818307973194,-0.9307487218643197,-0.9252140960739695,0.7773532497303336
1.2998037531651934,0.4399513118705002,0.6516590570406913,0.009318431732808136,-0.2645125859658305,-0.8906468363591079,2.2540985332433,1.4205983551130608,-0.5661095088977587,-0.6443596516364951,0.7360181961286689,0.7773532497303336
1.2947463477990007,0.32004594638905587,0.8642893654033832,2.049458399925661,-0.46355209503131967,-0.8901940293830745,0.9733880920795179,1.760976005138471,-1.034692579478136,-1.3719331431870874,1.5666343422299882,-1.2864164398192244
0.25292084236329787,0.40754445633497466,0.5260272798388789,2.940129061492558,-0.501550546762004,-0.8906745907027013,0.9187236220298443,1.2968246641947294,1.9459749283087704,-0.5971523707631914,1.5666343422299882,-1.2864164398192244
1.1834834297427606,-0.3475352776427686,0.35468440999321454,-0.5183619224785229,0.030169284598659973,-0.8905576626810808,-0.4400789192049,-0.6990261018633593,-1.0015578686048638,-0.6360897630163543,-1.478958193474849,-1.2864164398192244
0.84969467557404,0.42698856965629,0.34937602504102533,-0.6057484779530108,0.09737743051687715,-0.8906745907027013,-0.5103618092687661,1.8731459125332088,0.23524072945276936,0.24118991740140222,0.45914614742822923,0.7773532497303336
0.7485465682501853,0.30708320417484564,0.21917313857482776,-0.7771605675375832,-0.5597114422681534,-0.8906745907027013,-0.002763158807511082,1.4863531284134242,-1.0402999920874592,-0.1447912303117077,-0.9252140960739695,-1.2864164398192244
1.4161240765876257,0.02514356101577421,0.262230038742585,0.41936303819002085,-0.7366239617544142,-0.8832991308774119,-0.7993025795313267,1.8499383454860217,-1.5493365393493814,-0.11953979689679062,1.5666343422299882,-1.2864164398192244
1.1076223492498694,0.8677218049394364,0.7081343747264826,1.7973817975954076,-0.21798386956091095,-0.8906745907027013,1.0905262421859614,1.63720231422014,-0.8232858417526198,-1.121556964001671,1.5666343422299882,-1.2864164398192244
1.132909376080833,0.43346994076339507,0.5938566431168526,0.2076186922326078,-0.4894013819229417,-0.8493000599754681,-0.8820802056065468,1.8460704176448237,-0.3836501284736178,-0.7926610196803662,1.2897622935295485,-1.2864164398192244
1.5375018053762513,0.35893417303168645,0.5261747349764397,3.0913750228907104,-0.6972296485315822,-0.8906745907027013,-0.744638109481653,-0.2503464722844091,0.5253333025597609,-1.312294523330303,-0.09459794997265028,-1.2864164398192244
0.8294650541092691,0.0899572720868252,0.2249238889396994,1.7973817975954076,0.08962264444939055,-0.8906745907027013,-0.8032071845348748,1.5637116852373811,1.8730785643875707,-0.1110225184461328,0.18227409872778946,-1.2864164398192244
0.4602744623772,-0.016985351180408934,0.7222900679323205,0.570608999588173,-0.04479364738704367,-0.8906745907027013,-0.33855918911264893,0.14418216751777121,2.162661372711896,-0.3730260196658499,-1.2020861447744093,0.7773532497303336
1.0621057009541348,-0.48040338533842314,0.2958498101064503,1.94862775899356,0.022414498531173374,-0.8906745907027013,-0.4166512891836113,0.02040847659944,-1.1125773559154215,-0.19670775331592494,-0.09459794997265028,0.7773532497303336
1.1126797546160623,0.8968879749214093,0.44271512711701977,-0.17889876467378107,-0.698005127138331,-0.8546967378964115,-0.8071117895384229,1.2736170971475425,-1.0037789865864786,-0.2871817484764397,0.18227409872778946,0.7773532497303336
1.036818674123171,0.047828359890642054,0.25692165379039583,0.6714396405202745,-0.6266610953174543,-0.8906745907027013,-0.2995131390771677,0.2640879305949044,1.511764568788139,-1.150218842937287,1.0128902448291086,0.7773532497303336
0.8850965131373891,-0.2049451132864568,-0.04034790353220251,0.6378294268762407,0.25247315186660896,-0.890655188360652,-0.703249296444043,-0.11110107000128669,1.0733304439254205,-0.19198967583392154,-0.09459794997265028,0.7773532497303336
0.288322679926647,-0.09476180446567012,0.6969277842718608,3.7803844025934032,0.792723247901508,-0.8906691426278478,0.504835491653744,-0.6139316893570068,2.0249520578517686,0.014165571146575507,-0.9252140960739695,0.7773532497303336
1.097507538517484,0.10616069985458795,0.4468438709687224,0.3185323972579193,0.870271108576374,-0.8906745907027013,-0.6470229843929501,2.070410232434299,-0.8589329647690305,-1.1338381020166235,-0.9252140960739695,0.7773532497303336
1.335205590728542,0.14504892649721818,0.4351949151014183,1.2092030588248157,-0.5369640698035261,-0.8906745907027013,-0.5962631193468246,0.8442771067745815,-0.9117300315451241,-0.8823486685938803,0.7360181961286689,0.7773532497303336
0.7485465682501853,-0.27948088101816543,0.4287068890487426,0.08158039106748106,0.09996235920603935,-0.8906679861968647,-0.5806446993326322,0.4574843226547969,-1.1154902975306542,-0.2195206298300313,1.0128902448291086,-1.2864164398192244
1.1025649438836767,0.17421509647919112,0.4564284549101753,-0.48811273019889234,0.2473032944882846,-0.8906745907027013,-0.811016394541971,-0.33157295694956396,0.26968626405289653,-0.17829488164458582,-0.9252140960739695,-1.2864164398192244
0.925555756066931,0.2390288075502421,0.7162444072923272,-0.45282200587265686,-0.6072741301487378,-0.8906696822956398,-0.630623643378048,0.933239447122132,-0.9652189219548352,-0.1755205814023591,-0.09459794997265028,-1.2864164398192244
0.8294650541092691,-0.4285524164815824,-0.027519306564411844,-0.7385088218469444,-0.7013655344342418,-0.8875136793490058,-0.6876308764298505,-0.7763846586873163,-0.7490058305641846,-0.3321448501729103,1.0128902448291086,-1.2864164398192244
1.057048295587942,0.47883953851313077,0.8608978972394845,-0.7250647363893309,-0.24124822776337068,-0.8904936735000182,0.5907368017318027,1.5753154687609747,-0.967257981085498,-0.9898925620600703,-1.2020861447744093,-1.2864164398192244
-0.1314419654673494,0.03810630322998441,0.35262003806736325,1.3436439134009512,-0.7148071636178853,-0.8906712756005498,1.137381502228539,0.5541825186847431,0.5268625969077582,-0.11297513103699937,1.2897622935295485,0.7773532497303336
1.5577314268410223,-0.15633482998316856,0.6277713247558396,3.0241545956026425,0.9788381135211864,-0.8906745907027013,-0.12771051892105068,1.308428447718323,-0.8559471996134166,0.4262463459792324,-1.2020861447744093,0.7773532497303336
1.4919851570805167,0.5566159917983916,0.7848110462581052,0.09838549788949776,0.2679827240015822,-0.8906745907027013,-1.003903881717248,1.5482399738725898,-0.6739611722017512,-0.40851762499395416,-0.37146999867309005,-1.2864164398192244
1.2340574834046878,-0.29568430878592783,0.40363951566340445,-0.32678370470752993,0.7229301732941287,-0.8906745907027013,0.18465788136279865,0.48455981754318184,0.2715068525624174,-0.6440857557527084,0.7360181961286689,-1.2864164398192244
0.25292084236329787,-0.49984749865973843,0.4213341321707018,-0.6712883945588767,0.027584355909497774,-0.8906745907027013,-0.614224302363146,1.5443720460313919,0.1560451292886292,-0.8498169058808905,-1.478958193474849,0.7773532497303336
1.1025649438836767,0.021902875462221662,0.6535759738289818,0.5033885723001055,0.1956047207050406,-0.8906745907027013,-0.4635065492261887,0.07842739421740776,0.5610532491165522,0.31538919585433217,1.5666343422299882,-1.2864164398192244
0.5159059214053201,0.23254743644313702,0.5901702646778324,1.746966477129357,-0.6737067974602062,-0.8838901956020867,-0.9156598086370605,-0.2967616063787833,0.1909276051310413,0.4563395517914114,-1.478958193474849,0.7773532497303336
1.0165890526584003,0.6862434139404936,0.8380423509175585,2.335145215899949,-0.6067571444109054,-0.8906745907027013,-0.779779554513586,0.9603149420105169,-0.9272414456462386,-0.8319341552749451,1.5666343422299882,0.7773532497303336
0.8345224594754618,0.18717783869340132,0.55345393542519,0.4361681450120378,-0.3524001613973452,-0.8905322211994535,-0.6118815393610171,2.0007875312927377,1.942916339612776,-0.19894309714166813,0.7360181961286689,-1.2864164398192244
0.8193502433768836,1.0070712837421956,0.9324136389564786,1.3100336997569173,-0.5036184897133337,-0.8906745907027013,0.879677571994363,0.5116353124315668,-1.0406641097893634,0.49315645978299977,-1.2020861447744093,-1.2864164398192244
1.0165890526584003,0.2649542919786625,0.5118715866330409,-0.7737995461731799,0.7022507437808311,-0.8906745907027013,-0.42446049919070755,0.728239271538646,-0.5669833913823286,-0.48280525695778304,-1.478958193474849,-1.2864164398192244
1.0671631063203275,0.3913410285672119,0.9773874559125264,1.9822379726375938,-0.712222234928723,-0.8906745907027013,-0.5103618092687661,0.751446838585833,1.0703446787698072,-0.706392651638641,-0.09459794997265028,-1.2864164398192244
0.9963594311936292,0.03810630322998441,0.9461269667496341,0.6714396405202745,-0.07322786296782786,-0.8906745907027013,-0.9906282247051844,1.1382396227056177,-0.9218525036580576,-0.2612853344319603,0.7360181961286689,0.7773532497303336
1.1834834297427606,0.9487389437782497,0.4226612284087492,-0.04949944214425087,-0.6008118084258323,0.49447274233945343,-0.9578295426753801,-0.5597806995802369,-0.02058836790504635,1.5526387503765506,-1.478958193474849,0.7773532497303336
0.8598094863064255,0.2843984052999778,0.7457354348044897,-0.8342979307324407,-0.5736700571896292,-0.8905931265645612,-0.7711894235057802,-0.06081800806571464,0.26983191113365834,-0.4723707073206182,-0.09459794997265028,-1.2864164398192244
1.1379667814470258,0.6117076462087849,0.0888227969710693,-0.45954404860146364,-0.6690539258197143,-0.43838158399505894,-1.011713091724344,1.490221056254622,0.05161617238253548,0.5732665881150688,-0.9252140960739695,0.7773532497303336
0.33889673358857436,0.43346994076339507,-0.05450359673804053,-0.6141510313640192,-0.7507118231103481,1.2654267310456617,-0.5103618092687661,-1.4033757617454874,0.27139761725184564,1.184054408959442,0.7360181961286689,-1.2864164398192244
1.3706074282918912,0.12884549872945544,0.31634607422740324,-0.35199136494055533,-0.6594896896698141,-0.14284922165767908,-0.6509275893964982,0.4574843226547969,-0.23891334196674044,0.09722670674266914,0.7360181961286689,0.7773532497303336
1.0317612687569784,0.06403178765840481,0.17125021886756372,-0.6931350334274987,-0.7295412571461097,1.1163756265624616,-0.49474338925457356,0.17125766240615617,0.2343668469681995,2.754900314582789,1.5666343422299882,-1.2864164398192244
1.0317612687569784,0.35245280192458134,0.3328610496342143,-0.6897740120630954,-0.629763009744449,1.4196175287869037,-0.7337052154717183,-0.8730828547172625,0.23513149414219814,2.107481128119715,0.45914614742822923,0.7773532497303336
1.0165890526584003,0.35245280192458134,0.44831842234433067,-0.7200232043427257,-0.15336065233185597,-0.8906499715719952,-0.12771051892105068,1.5443720460313919,0.9593251914592489,-0.4988767605903003,-1.2020861447744093,0.7773532497303336
0.5209633267715128,0.9811457993137752,0.5680519940437104,-0.511639879749716,-0.5555755563654939,-0.8271993789658901,-0.6720124564156581,1.6565419534261292,0.4790539426477501,-0.3917923053807848,1.5666343422299882,-1.2864164398192244
1.2037130512075314,0.9811457993137752,0.08071276440522465,1.9150175453495262,-0.7523920267583036,1.0675485406110683,-0.6649841674092715,-1.4103380318596432,0.6350055543732738,1.7617980167276117,-1.2020861447744093,-1.2864164398192244
1.0519908902217494,-0.05911426337659208,0.3116275098254572,-0.7754800568553815,-0.7574533171316831,1.4684446147382968,-0.5806446993326322,-1.1477057314423098,0.1456313630141721,1.9633058690348244,1.0128902448291086,0.7773532497303336
0.7890058111797271,0.021902875462221662,0.056235211570129694,0.21097971359701126,-0.7536844911028847,0.733468478838378,-0.42446049919070755,-0.8150639370992948,0.7079383300646631,1.270340447703347,0.18227409872778946,0.7773532497303336
0.5917670018982111,0.11912344206879778,0.7012039832611243,-0.6880935013808936,-0.7540205318324757,0.7026303192901296,-0.7180867954575259,-0.2658181836492005,0.34261903974428687,0.1393890021436434,-1.2020861447744093,0.7773532497303336
0.34395413895476706,0.9584610004389074,0.6777586163889552,-0.8158123132282222,-0.7378905768121037,-0.7465061948146403,1.1920459722782126,2.093617799481486,0.7084845066175198,-0.37989108746269756,-1.478958193474849,0.7773532497303336
1.1227945653484477,1.0297560826170635,0.3384643448615252,-0.5082788583853126,-0.7460589514698562,1.3039744304809722,-0.8313203405604211,-0.5481769160566433,0.6354424956155587,1.5245511692617777,1.2897622935295485,0.7773532497303336
0.7333743521516071,0.42698856965629,0.02718654947064972,-0.2847709376524876,-0.5974514011299215,-0.8854578020457893,0.7937762619163048,1.1266358391820241,0.12535000701811402,-0.7453388792428938,-0.37146999867309005,-1.2864164398192244
0.5007337053067419,0.8968879749214093,0.633816985395833,-0.46626609133027036,-0.7581693423785811,1.4119079888998414,-0.4166512891836113,-0.7879884422109098,0.3439298634711417,1.2186183024231074,0.7360181961286689,0.7773532497303336
0.9356705667993165,0.11588275651524524,0.2219747861884832,-0.5502916254403549,-0.7119637420598067,0.5818475277261569,-0.5259802292829585,0.3298427038952678,0.0891202956786571,1.5601576341540504,0.7360181961286689,0.7773532497303336
0.9660149989964729,0.14828961205077074,0.42310359382143164,-0.5435695827115481,-0.7486955787328016,-0.8900732465915104,1.746499882782045,0.4072012607192248,-0.09344832005605556,-0.4562726976348313,-1.478958193474849,0.7773532497303336
-0.5815510430585025,0.5630973629054967,0.1430862875934484,-0.6410392022792463,-0.7104127848463094,1.3733602894645311,-0.4322697091978038,-1.4134323741326018,0.12473100692487722,1.2253685106557866,-0.9252140960739695,0.7773532497303336
0.9761298097288583,0.1385675553901131,-0.05568323783852717,-0.45114149519045516,-0.7555197904721899,0.7617367917576057,0.9968157221008066,-0.7686488030049207,0.16187101251909458,1.6100862031630416,-1.2020861447744093,0.7773532497303336
0.44510224627862177,0.6667993006191782,0.6537234289665427,-0.762035971397768,-0.5584189779235723,0.04474958226083169,-0.9398683596590589,1.3509756539714994,0.9912583139162382,-0.36556898334597937,0.7360181961286689,-1.2864164398192244
0.05568203308178122,0.5793007906732595,0.3151664331269168,-0.8141318025460205,-0.6783596691006983,1.3091141237390134,-0.7438571884809435,-0.37025223536154245,0.1937677232058933,0.6827100820655859,1.0128902448291086,-1.2864164398192244
0.015222790152239901,0.16125235426498094,-0.09800286231848027,0.0009158783217996716,-0.7452317742893243,1.2500076512715377,-0.5650262793184397,-1.4053097256660863,0.0883192367344679,1.701417227379276,1.2897622935295485,-1.2864164398192244
0.9306131614331238,-0.4966068131061859,0.45008788399506033,-0.6460807343258513,-0.7367532081888724,-0.48463882331743147,-0.4478881292119963,1.2426736744179596,0.16128842419604836,1.5680564380284157,-0.09459794997265028,-1.2864164398192244
0.5513077589686692,0.07375384431906246,-0.05745269948925672,-0.6981765654741037,-0.7361328253034733,1.3990587557547383,-0.47131575923328495,-0.6371392564041939,0.23465814112972314,1.5114660142976446,0.45914614742822923,0.7773532497303336
0.09614127601132309,0.683002728386941,0.7964600021254093,-0.6107900099996159,-0.7026579987788228,-0.8906745907027013,1.5356512125904467,-0.5520448438978411,1.0700897963784741,-0.6185604264540046,-0.9252140960739695,-1.2864164398192244
-0.7029287718471281,-0.7655837140510473,-0.9906962651116401,-0.31502012993211825,0.017244641152848975,1.03671038106282,-0.6157861443645651,-0.32383710126716825,1.0062963750048777,0.9794276777174966,-1.478958193474849,0.7773532497303336
0.6170540287291748,0.1029200143010354,-0.09121992599068297,-0.7099401402495157,-0.7382007682548032,1.14721378611071,-0.6501466683957886,-0.7957242978933056,0.0525264666372954,0.0050033120663554136,0.45914614742822923,0.7773532497303336
1.1784260243765678,0.8255928927432532,-0.1330971850579536,-0.4545025165548585,-0.7424917498788124,1.3373824366582414,-0.5337894392900547,-1.3476776008322382,0.5257338320318552,1.083437430747729,0.45914614742822923,0.7773532497303336
1.041876079489364,-0.16281620109027367,0.06110123110963643,-0.6729689052410784,-0.5855607291597754,-0.28162093962479656,3.730039224584488,0.5464466630023475,0.09017623701417884,-0.3318444482358539,-1.2020861447744093,-1.2864164398192244
1.0823353224189058,0.7672605527793073,0.7694757119517807,-0.17217672194497435,0.4385880174862872,-0.8811661581753247,1.4419406925052918,1.764843932979669,0.7211922144139722,-0.3049673102203963,-1.478958193474849,0.7773532497303336
0.07591165454655216,0.4561547396382629,0.911622464560404,-0.7889241423129951,0.2705676526907444,-0.8905730817608549,-0.5806446993326322,0.33371063173646565,0.19904742988350252,-0.21261138527773418,-0.9252140960739695,-1.2864164398192244
1.1531389975456041,-0.3183691076607957,-0.16199839201987312,-0.6326366488682379,-0.7197185281272933,1.532690780463814,-0.6735742984170773,-0.8808187103996582,0.08952082515075145,1.7131505736266552,0.18227409872778946,-1.2864164398192244
1.2795741317004223,0.362174858585239,-0.02442274867563466,-0.4326558776862366,-0.6972296485315822,0.6949207794030675,-0.23703945902039802,-0.19232755466644155,-0.20148204221099997,1.0940840288110514,-0.9252140960739695,-1.2864164398192244
1.2188852673061097,0.297361147514188,-0.27539139280413805,-0.7906046529951968,-0.057718290832854666,-0.8896209535848028,-0.2760855090558792,1.1730509732763983,0.13445294956571635,-0.20363466857040186,1.0128902448291086,-1.2864164398192244
0.945785377531702,-0.007263294519751284,-0.21655679291737367,-0.20410642490680647,-0.3679097335323184,-0.20709538738319636,1.0592894021575765,0.3453144152600592,0.017316284863169634,0.45720541619822097,0.7360181961286689,0.7773532497303336
1.304861158531386,-0.3151284221072431,0.3097105930371667,-0.16713518989836937,-0.006019717049610819,1.4170476821578828,-0.5337894392900547,1.3239001590831145,-0.3852522463619957,0.010516571146449279,-0.09459794997265028,-1.2864164398192244
1.2542871048694588,-0.5905866941592098,-0.22732101795931306,-0.21250897831781493,-0.743396474920019,1.0932470069012754,-0.12771051892105068,-0.6642147512925788,0.23498584706143685,1.7263064113995075,-1.478958193474849,0.7773532497303336
0.6473984609263311,-0.06883632003724972,0.11757654879542781,-0.888074272562895,-0.7308337214906908,0.5921269142422396,-0.5650262793184397,-0.07628971943050604,0.052235172475772286,1.499600137783917,-1.478958193474849,0.7773532497303336
0.7687761897149562,0.18069646758629623,0.04842008927940676,-0.7065791188851122,-0.7513839045695303,1.3913492158676757,-0.5337894392900547,-1.4068568968025654,0.2712155584008938,0.8877344041065766,-0.9252140960739695,0.7773532497303336
-0.04040866887588018,0.9422575726711446,0.499190444802811,-0.5754992856733804,-0.7148071636178853,-0.8084394985740391,-0.12771051892105068,-1.0974226695067377,0.6364984369510804,-0.1403647194156708,0.7360181961286689,0.7773532497303336
0.19223197796898506,-0.06559563448369718,-0.5054214073990057,-0.8158123132282222,-0.7333411023191782,1.1960408720621032,-0.5806446993326322,-1.2525265759387714,-0.019896544271428375,1.5522499949285953,1.5666343422299882,0.7773532497303336
0.9559001882640874,0.03162493212287931,-0.06512036664241919,-0.32678370470752993,-0.6672444757373007,1.3116839703680345,-0.4010328691694188,-1.3248568265691711,0.08973929577189392,1.1619306898303474,0.45914614742822923,0.7773532497303336
0.8699242970388109,-0.6391969774624979,-0.15580527624231874,-0.5133203904319178,-0.6982636200072472,1.1986107186911237,-0.8157019205462288,-0.9891206899531978,0.05198029008443924,1.441560716474403,-0.9252140960739695,0.7773532497303336
1.1885408351089533,-0.49984749865973843,-0.08738609241410186,-0.6796909479698852,-0.7303167357528585,1.0161516080306545,-0.5572170693113435,-0.7415733081165358,0.23494943529124626,2.3588645373293797,1.5666343422299882,-1.2864164398192244
-0.5410918001289606,0.932535516010487,0.43254072262532367,-0.762035971397768,-0.757259447479996,1.4838636945124208,0.42674339158278185,-1.305130394579062,0.2706693818480376,-0.4433554143414063,1.2897622935295485,-1.2864164398192244
0.44004484091242907,-0.1790196288580364,-0.11953131240235902,-0.7956461850418018,-0.7150656564868014,1.3373824366582414,-0.5259802292829585,-0.9775169064296043,0.2346945528999132,2.440282297622753,1.2897622935295485,-1.2864164398192244
1.4818703463481313,0.7575384961186497,0.11079361246763053,-0.36711596108037065,-0.7546409147178746,0.6486635400806949,-0.2917039290700717,1.6062588914905571,0.09006700170360761,0.47454921038768294,0.18227409872778946,0.7773532497303336
0.22257641016614146,0.9292948304569344,0.1013564836637385,-0.2360361278686386,-0.7577583387170043,0.6743620063709019,-0.49474338925457356,-1.353479492594035,0.4894677089222072,1.0093618472100576,-0.09459794997265028,-1.2864164398192244
0.6372836501939457,0.6927247850475987,0.7084292850016041,-0.5990264352242041,-0.7562900992215602,1.4710144613673177,5.143506235868906,-0.2580823279668048,0.7077198594435207,1.4552731813659185,0.45914614742822923,0.7773532497303336
1.3655500229256983,0.6538365584049681,0.5783738536729673,-0.6460807343258513,-0.7561479281436563,-0.8906619984542191,1.3013749123775595,1.9891837477691443,0.1972996649143628,-1.0802428623053264,-0.09459794997265028,0.7773532497303336
1.4312962926862038,-0.3637387054105314,-0.857839186169348,-0.3133396192499165,-0.7538137375373428,-0.8828879554167686,-1.022645985734279,1.6139947471729528,0.3996762836326575,-0.21398086469666774,0.45914614742822923,0.7773532497303336
0.06073943844797395,0.7964267227612802,0.5136410482837707,-0.8679081443764746,-0.7433447763462359,1.1523534793687513,-0.12771051892105068,-1.1283660922363203,0.12494947754601969,-0.6634351746395762,-1.2020861447744093,0.7773532497303336
-0.4348862874389132,1.010311969295748,0.5285340171774127,-0.6948155441097004,-0.7449991307072996,1.4170476821578828,-1.011713091724344,0.14805009535896907,0.05212593716520105,0.02823145008168678,0.18227409872778946,-1.2864164398192244
0.3540689496871526,0.4140258274420798,0.20870382380801009,-0.8561445696010628,-0.5385150270170234,-0.5437452957849074,-0.17456577896362813,-0.7299695245929422,0.1976273708460765,-0.17719046275834907,1.5666343422299882,0.7773532497303336
1.1885408351089533,0.297361147514188,0.1683011161163473,-0.5267644758895313,-0.3834193056672916,1.2936950439648893,-0.5962631193468246,-0.7879884422109098,0.05259929017767656,1.6965577842798343,-0.9252140960739695,0.7773532497303336
0.5159059214053201,0.582541476226812,0.23554065884407793,-0.5217229438429262,-0.7339097866307939,1.4170476821578828,-0.14332893893524315,-1.4049229328819666,2.382333582270636,0.03177442586873428,0.45914614742822923,-1.2864164398192244
0.45521705701100723,1.0200340259564058,0.5316305750661897,-0.3301447260719334,-0.7542790247013921,1.3014045838519517,-0.572835489325536,0.27182378627730003,0.38154322207783403,-0.32967095186774,0.18227409872778946,0.7773532497303336
0.9811872150950511,0.5306905073699713,0.06862144312523791,-0.5250839652073296,-0.7579392837252457,1.188331332175041,-0.5650262793184397,-0.27742196717279405,0.1997028417469299,0.3086831643771026,1.2897622935295485,-1.2864164398192244
-0.055580884974458386,0.19689989535405897,0.1886499250997394,-0.5519721361225566,-0.003434788360448619,-0.16854768794788588,-0.4010328691694188,-0.606195833674611,0.11875947661365004,-0.37389188407265955,-0.6483420473735297,0.7773532497303336
-0.1162697493687712,0.4205071985491849,0.7209629716942731,-0.7603554607155664,-0.6995560843518283,-0.890669168326314,-0.6220335123702422,-0.022138729653736137,0.26997755821442015,-0.3939127896423594,-0.6483420473735297,0.7773532497303336
-0.4500585035374914,-0.10772454667988032,0.3111851444127748,-0.5452500933937499,-0.7127392206665555,-0.8906745907027013,2.457137993427802,-0.6371392564041939,0.27081502892879944,-0.4549562303224371,1.0128902448291086,0.7773532497303336
0.8446372702078473,0.38485965746010686,-0.12985317203161595,-0.6679273731944734,-0.7386919047057439,1.329672896771179,-0.7485427144852012,-1.3349134389562856,0.08901106036808588,1.4586217794289884,-0.9252140960739695,0.7773532497303336
1.2644019156018442,0.2908797764070829,0.4804636423325878,-0.5183619224785229,-0.7551320511688155,-0.09916182896432721,-0.9101933616320932,-0.8769507825584604,0.08919311921903776,1.9989388399803671,1.5666343422299882,0.7773532497303336
0.10625608674370857,-1.6114026435282618,-1.1800286617397235,-0.805729249135012,-0.7404755055012658,1.4812938478834006,-0.5259802292829585,-1.2958473677601872,-0.8836565567283184,0.32068157115717866,0.18227409872778946,-1.2864164398192244
1.2745167263342296,0.8547590627252262,0.5270594658018046,1.125177524714731,-0.7560109269231305,0.7154795524352331,-0.5494078593042473,-0.5133655654858627,0.5257702438020458,1.448911728581195,-1.2020861447744093,0.7773532497303336
0.3894707872505017,0.8579997482787787,0.653428518691421,-0.7183426936605241,-0.7574016185578999,0.7411780187254401,-0.7789986335128765,0.252484147071311,0.20989813740024457,-0.12978880416106767,1.2897622935295485,-1.2864164398192244
1.0115316472922076,0.5760601051197068,-0.2578442314344011,-0.7771605675375832,-0.7555973383328647,1.3091141237390134,-0.5181710192758623,-1.4192342658943984,0.16128842419604836,1.2251387915274492,-1.2020861447744093,0.7773532497303336
0.9761298097288583,-0.5452170964094741,0.15296578181002288,-0.4797101767878839,-0.25934272858750607,1.4041984490127795,-0.6517085103972079,0.008804693075846665,0.12520435993735274,1.7888430264137773,1.5666343422299882,-1.2864164398192244
0.21246159943375598,-0.7979905695865728,-0.35265788488600375,-0.8258953773214323,-0.362739876153994,1.447885841706131,-0.6649841674092715,1.8267307784388345,2.1671400204453173,0.546407120801791,-1.478958193474849,0.7773532497303336
0.6828002984896797,-0.10124317557277522,-0.08310989342483831,-0.9048793793849117,0.8263273208606167,0.8825195833215782,-0.5337894392900547,0.30276720900688286,0.016879343620884703,-0.44691606083063357,0.18227409872778946,-1.2864164398192244
0.08096905991274489,-0.34105390653566353,0.31546134340203835,-0.5351670293005397,-0.7145486707489689,0.24005792606640455,-0.5962631193468246,-1.2266114594027457,0.7079383300646631,1.9223098399777163,-1.2020861447744093,0.7773532497303336
1.1683112136441822,-0.000781923412646185,-0.33304635159041557,0.2849221836138857,-0.7057599132058175,1.4067682956418,-0.5650262793184397,-1.2660643233829636,0.5625097199241683,1.3296786656230752,-1.2020861447744093,0.7773532497303336
0.6170540287291748,-0.023466722287514032,-0.25887641739732703,-0.6544832877368598,-0.7471963200930876,1.4041984490127795,-0.3541776091268414,0.7630506221094266,0.3438570399307605,-1.4322785911310636,0.18227409872778946,-1.2864164398192244
0.9559001882640874,0.6538365584049681,0.17036548804219884,-0.38560157858458916,-0.6762917261493685,1.1909011788040618,-0.4635065492261887,-1.3817153658347794,0.6354424956155587,1.5175093944431322,-1.2020861447744093,-1.2864164398192244
1.1683112136441822,-0.7558616573903897,-0.2727372003280433,-0.462905069965867,-0.7448957335597332,1.2731362709327239,-0.4322697091978038,0.4961636010667754,0.5259887144231883,1.8361474961490698,0.45914614742822923,0.7773532497303336
0.667628082391102,0.8677218049394364,0.3707570199873431,-0.5536526468047583,-0.7564581195863557,1.355371363061386,-0.703249296444043,-0.9427055558588238,0.23454890581915191,1.715995556677601,-0.37146999867309005,-1.2864164398192244
0.611996623362982,0.683002728386941,0.3586656987073565,-0.6931350334274987,-0.7449474321335164,1.3142538169970548,-0.33074997910555265,-0.7957242978933056,0.2353499647633406,-0.08563855476486729,0.45914614742822923,0.7773532497303336
0.6777428931234876,0.6408738161907579,0.29702945120693675,-0.7099401402495157,0.07152814362525517,0.3993884170656876,0.3876973415473006,0.5619183743671389,0.6348234955223219,0.8972942539858418,0.18227409872778946,-1.2864164398192244
0.5159059214053201,-0.013744665626856382,0.40024804749950565,-0.9233649968891304,-0.6605236611454791,0.9467657490470955,-0.5103618092687661,-0.3934598024087295,0.08850129558541979,0.03544993192213019,0.45914614742822923,-1.2864164398192244
1.5880758590381787,-0.9989130739068307,-0.2274684730968738,-0.12176140147892381,-0.7034334773855716,0.8208432642250817,-0.5884539093397284,-0.5559127717390391,-0.20231951292537922,1.4990435106652535,-1.2020861447744093,0.7773532497303336
0.9508427828978947,0.5209684507093135,0.7529607365449696,-0.32678370470752993,-0.6855974694303524,-0.8906745907027013,-0.8930130996164815,0.2834275698008936,-0.09133643738501157,-0.5142149300823563,-0.9252140960739695,0.7773532497303336
1.1885408351089533,-0.30216567989303295,-0.2678711807885366,-0.4645855806480687,0.04309392804447097,1.4890033877704623,-0.6438993003901117,-1.1631774428071011,0.16176177720852333,2.530800469538717,1.0128902448291086,-1.2864164398192244
0.5917670018982111,0.776982609439965,0.1513437752968538,-0.7183426936605241,-0.7383558639761529,1.0418500743208614,-0.7235532424624932,-1.4118852029961226,0.05310905496034214,1.7286212733850597,-0.09459794997265028,0.7773532497303336
0.08602646527893762,0.6149483317623375,0.4200070359326546,0.35214261090195315,-0.4971561679904282,-0.4974880564625349,1.0514801921504804,1.4940889840958198,0.8905069457993757,-0.2068330656649435,-0.37146999867309005,-1.2864164398192244
0.6271688394615602,0.812630150529043,0.5808805910115012,-0.07134608101287303,-0.7565925358781922,1.2140297984652477,-0.8875466526115141,-0.2890257506963876,0.38074216313364534,1.2809782104155794,-1.478958193474849,0.7773532497303336
0.03545241161701084,1.1107732214558772,0.622757850078772,-0.4175312815464213,-0.7578746605080166,0.8773798900635368,-0.2760855090558792,-0.934969700176428,0.8540587638387759,0.22298909415622056,-1.2020861447744093,0.7773532497303336
0.5310781375038983,0.7283723261366767,0.3930227457590259,-0.8309369093680374,-0.4092685925589135,0.6281047670485294,-0.6524894313979175,1.9505044693571658,0.3441847458624737,0.1074668786558563,0.7360181961286689,-1.2864164398192244
0.20740419406756325,1.0524408814919313,0.280367020662565,-0.3469498328939503,-0.7509961652661559,0.7514574052415228,-0.5181710192758623,-0.962045195064813,0.8905433575695664,1.1679298932203854,-0.9252140960739695,0.7773532497303336
1.057048295587942,0.15801166871142838,0.5351694983676493,-0.6864129906986919,-0.7150656564868014,-0.8906745907027013,1.0592894021575765,1.915693118786385,0.2356776706950543,-0.36869669763180185,-1.478958193474849,0.7773532497303336
1.390837049756662,-0.18226031441158896,-0.20844676035152904,2.3687554295439823,-0.6274365739242029,-0.8823996845572546,0.2549407714266646,0.9487111584869234,0.6364984369510804,-0.26329095912936623,1.5666343422299882,0.7773532497303336
0.08602646527893762,0.7899453516541751,0.35792842301955247,-0.6696078838766749,-0.645272581879422,1.4838636945124208,-0.3541776091268414,-0.8576111433524711,0.34363856930961806,1.7479795276230174,0.18227409872778946,0.7773532497303336
1.2391148887708805,0.09319795764037775,-0.17910318797692734,-0.5032373263387075,-0.7473514158144373,1.4787240012543794,-0.7993025795313267,-1.2846303770207135,0.052344407786343514,1.5901713218064204,-0.09459794997265028,0.7773532497303336
1.3958944551228547,0.3686562296923441,0.04532353139062958,-0.5250839652073296,-0.7536327925291014,1.0598390007240062,-0.6118815393610171,-1.0510075354123634,0.1984284297902657,0.5083709343597972,1.5666343422299882,-1.2864164398192244
0.667628082391102,0.18393715313984876,0.24792689039918625,-0.6074289886352124,-0.7336771430487692,0.7874352580478127,1.2310920223136939,-0.23874268876081553,0.708375271306948,-0.16126032474327015,-1.478958193474849,0.7773532497303336
0.8648668916726182,0.6894840994940461,0.36441644907222825,-0.6595248197834649,-0.5881456578489376,1.4812938478834006,-0.5884539093397284,0.47295603401958825,0.19820995916912323,1.0865121329270122,1.2897622935295485,-1.2864164398192244
0.6221114340953675,1.1107732214558772,0.22905263279140223,-0.7452308645757512,-0.6346743742538571,-0.21737477389927914,1.207664392292405,-0.010534946130142586,0.448395232147426,0.7767182176620583,1.0128902448291086,-1.2864164398192244
0.773833595081149,0.48856159517378844,0.11212070870567763,-0.6561637984190615,-0.7551837497425987,1.3322427434002,-0.3697960291410339,-0.6874223183397659,0.12560488940944708,-0.08183051844512297,-0.9252140960739695,0.7773532497303336
-0.5461492054951533,1.0232747115099583,0.8626673588902142,1.3268388065789343,-0.75058257667589,-0.8897571554561409,1.7855459328175258,0.0668236106938142,2.008748820117036,-0.5104775765713311,1.0128902448291086,0.7773532497303336
0.9963594311936292,1.039478139277721,0.6970752394094215,-0.4797101767878839,-0.3834193056672916,0.3762597974045014,-0.5884539093397284,0.9603149420105169,0.19901101811331245,-0.3192982496882044,0.18227409872778946,0.7773532497303336
1.0165890526584003,0.32004594638905587,-0.10817726681017646,-0.6830519693342886,-0.7580411299155987,1.3245332035131376,-0.7415144254788145,-0.934969700176428,0.7079019182944725,0.7716467261364591,-0.37146999867309005,-1.2864164398192244
0.5563651643348619,0.8806845471536465,0.40172259887511375,-0.6578443091012631,-0.7405789026488323,0.9159275894988472,0.05190131124216259,1.7029570875205033,0.44169546643239077,-0.2453551964168814,1.0128902448291086,0.7773532497303336
-0.005006831312531037,1.0232747115099583,0.8483642105468153,-0.2982150231101013,-0.4506274515855087,-0.8906745907027013,1.1842367622711163,-0.8344035763052841,-1.1142887091143712,-0.04704574120421023,1.0128902448291086,0.7773532497303336
0.23269122089852692,-0.20818579884000935,-0.1841166626539948,-0.8863937618806932,-0.3963439491131025,1.4401763018190694,-0.07304604887137701,-1.403762554529607,0.12538641878830462,1.9648962322310053,0.7360181961286689,-1.2864164398192244
0.8395798648416545,0.18717783869340132,0.0917718997222855,-0.8006877170884069,-0.7404496562143742,1.3425221299162828,-0.5337894392900547,-0.7725167308461185,0.23403914103648582,0.9106621401848515,0.18227409872778946,-1.2864164398192244
0.29338008529283977,0.747816439457992,0.46291648096285104,-0.7956461850418018,-0.7558299819148894,-0.20452554075417564,-0.6985637704397852,1.4283342107954564,0.671599383414635,-0.3227263659110833,-1.478958193474849,-1.2864164398192244
0.7131447306868361,0.5793007906732595,0.4191223051072897,-0.8863937618806932,-0.755235448316382,1.3425221299162828,2.308763003292974,-1.0161961848415828,0.4528374681106554,-0.08158312861460593,-1.2020861447744093,0.7773532497303336
-0.33879558548125155,0.8385556349574634,0.4848872964594121,-0.7603554607155664,-0.7566338947372188,1.2063202585781858,1.0983354521930577,-0.505629709803467,0.5625825434645495,-0.2685038162724037,-1.478958193474849,-1.2864164398192244
1.3807222390242766,-0.6975293174264438,-0.49642664400779607,0.46977835865607165,-0.5922815437515971,1.2602870377876203,-0.636871011383725,-0.8460073598288776,0.1981371356287426,1.3082529392300821,-0.9252140960739695,0.7773532497303336
-0.47534553036845506,1.0427188248312738,0.31634607422740324,-0.6494417556902546,-0.7088618276328121,1.4041984490127795,-0.7461999514830723,-1.0239320405239785,0.27168891141336926,-0.24987006082381724,-1.2020861447744093,0.7773532497303336
0.44004484091242907,0.40754445633497466,0.4893109505862365,-0.9065598900671135,-0.5452358416088451,-0.8804722995854891,-0.3854144491552263,0.9216356635985384,-0.24528540175006247,-0.22757847002401463,1.0128902448291086,-1.2864164398192244
0.9508427828978947,0.5663380484590492,0.4627690258252903,-0.7065791188851122,-0.580390871781451,1.0906771602722547,-0.703249296444043,-0.1884596268252437,0.41708110978367346,0.4191338883518677,-1.478958193474849,0.7773532497303336
1.2542871048694588,0.1936592098005064,0.18157207849682042,-0.2780488949236809,-0.7539946825455842,1.4941430810285037,1.1842367622711163,-1.3677908256064673,0.525406126100141,1.634904704374554,-1.2020861447744093,0.7773532497303336
0.6069392179967893,-1.368351227011821,-0.8911640472580915,-0.8931158046095,1.3769171316521647,-0.7077015107164278,-0.4556973392190925,0.1132387447881884,0.849652939645736,0.3717057237013166,-0.37146999867309005,0.7773532497303336
1.0165890526584003,0.23578812199668955,0.299241278270349,-0.3872820892667909,-0.7414836276900392,0.9441959024180749,-0.6251571963730806,0.34918234310125706,0.23505867060181748,2.18295269712959,0.18227409872778946,0.7773532497303336
0.8092354326444982,-0.37670144762474156,0.11182579843055616,-0.7048986082029106,-0.7521076846024958,0.10385605472830774,-0.7243341634632029,-1.3426492946386812,0.2722714997364155,1.180140348426619,-0.37146999867309005,-1.2864164398192244
1.0267038633907857,0.22282537978247938,0.2002988809670437,-0.36711596108037065,0.4721920904453956,1.5069923141736075,-0.5103618092687661,-1.062611318935957,-0.02058836790504635,0.804169653498359,-0.37146999867309005,-1.2864164398192244
1.5324444000100585,0.49828365183444606,0.9147190224491811,-0.1116783373857136,-0.7521335338893874,-0.8901811801499292,-0.8539670495810002,1.389654932383478,0.12560488940944708,-0.7633453247640978,-1.478958193474849,0.7773532497303336
1.2644019156018442,0.4496733685311578,0.4241357797843573,-0.5334865186183381,-0.7373477417873796,1.2165996450942684,-0.6634223254078523,-0.7802525865285141,0.12527718347773337,1.910815048209764,-0.09459794997265028,-1.2864164398192244
0.5411929482362837,1.0718849948132465,0.15753689107440816,-0.16545467921616763,-0.7546667640047663,1.4427461484480897,-0.23703945902039802,-0.7261015967517443,0.48903076767992226,1.388398408966511,1.5666343422299882,-1.2864164398192244
1.2340574834046878,0.5793007906732595,-0.13280227478283213,-0.6124705206818175,-0.7433447763462359,1.4710144613673177,-0.6040723293539209,-0.24647854444321124,0.08901106036808588,2.2112965034259697,-1.2020861447744093,0.7773532497303336
0.42487262481385085,0.7413350683508869,0.19056684188802997,-0.1015952732925034,-0.7098957991084771,0.8285528041121438,-0.7141821904539777,-0.9156300609704388,0.3429831574461907,1.291253723733126,0.45914614742822923,0.7773532497303336
1.1379667814470258,-0.10772454667988032,0.09309899596033286,-0.6141510313640192,-0.7554680918984066,0.7463177119834815,-0.6884117974305601,1.037673498834474,0.23498584706143685,2.4656839320061983,1.0128902448291086,-1.2864164398192244
1.2947463477990007,0.6927247850475987,0.04502862111550786,-0.5855823497665904,-0.7469895257979545,1.2988347372229307,-0.9539249376718321,0.9835225090577041,0.05245364309691475,-0.19117682353365129,-1.478958193474849,0.7773532497303336
0.9761298097288583,-0.44151515869579255,-0.273769386290969,-0.6124705206818175,-0.5863362077665241,-0.08631259581922372,-0.5025525992616698,0.4458805391312033,-1.0402999920874592,0.25283491013788256,-0.09459794997265028,-1.2864164398192244
1.097507538517484,0.06079110210485225,0.2320017355426184,-0.6830519693342886,-0.7078278561571473,1.4658747681092763,-0.5494078593042473,-0.4978938541210713,0.16190742428928517,1.6683818496541623,1.2897622935295485,0.7773532497303336
0.8092354326444982,0.5955042184410222,0.5218985359871762,-0.7939656743596002,-0.68508048369252,-0.8906745907027013,-0.8289775775582924,-0.20006341034883726,0.634386554280037,-0.6472223053896208,1.5666343422299882,-1.2864164398192244
1.314975969263771,0.7413350683508869,0.28375848882646365,-0.7368283111647427,-0.5235224406198826,-0.8789303916080766,-0.24484866902749428,1.8228628505976368,0.19759095907588645,-0.1059952036759831,0.45914614742822923,0.7773532497303336
0.5411929482362837,0.07375384431906246,-0.08119297663654776,-0.8359784414146425,-0.7261808498501988,1.3630809029484483,-0.7009065334419141,-1.2161680542315116,0.19820995916912323,0.7554515275886834,0.45914614742822923,-1.2864164398192244
0.8193502433768836,1.039478139277721,0.7075445541762393,-0.21082846763561341,-0.7581621045782514,1.435036608561028,-0.9562677006739608,1.4592776335250393,0.4649261758138711,0.053862803593469316,0.45914614742822923,0.7773532497303336
0.07591165454655216,0.19689989535405897,0.3132495163386262,-0.8578250802832644,-0.6936107483667552,1.5352606270928348,0.2002763013769909,0.43427675560760975,0.05201670185462982,1.464161544562352,0.18227409872778946,-1.2864164398192244
1.1834834297427606,-0.9016925073002542,-0.256369680058793,-0.0663045489662678,-0.3834193056672916,1.088107313643234,-0.36198681913393765,-0.8537432155112733,0.015750578744982317,1.4985752370574892,-1.2020861447744093,0.7773532497303336
0.40464300334907993,0.6667993006191782,0.4244306900594789,-0.832617420050239,-0.6897333553330118,0.6589429265967778,-0.5650262793184397,-0.4514787200266973,0.6346778484415595,0.3974431014261779,1.2897622935295485,-1.2864164398192244
5.0574053661697136e-05,0.9552203148853549,-0.018966908585884734,-0.7906046529951968,-0.7354607438442912,1.211459951836227,-0.5962631193468246,-1.407243689586685,0.5257702438020458,-0.3773376709977182,-1.2020861447744093,0.7773532497303336
-0.19718823522785495,0.2811577197464253,0.5710010967949268,-0.6864129906986919,-0.7569053122495807,-0.8906663671934885,-0.3151315590913602,0.32597477605406994,1.0711093259438063,-0.7836224555154045,-1.478958193474849,-1.2864164398192244
0.6322262448277529,-0.9081738784073593,-0.32655832553774,-0.13184446557213378,0.06377335755776857,1.088107313643234,-0.5572170693113435,-1.3186681420232544,0.5258430673424259,1.2234777455225492,0.45914614742822923,0.7773532497303336
0.5614225697010546,0.8839252327071991,0.5681994491812713,-0.6746494159232801,-0.6401027245010977,0.9878832951114267,4.737427315499902,0.7746544056330201,0.705280270840763,-0.5029940341981909,1.0128902448291086,-1.2864164398192244
0.6777428931234876,0.8320742638503583,0.4971260728769596,-0.6780104372876834,-0.755649036906648,1.211459951836227,-0.5337894392900547,-1.296234160544307,0.4893220618414459,-0.15455429326604062,-1.2020861447744093,-1.2864164398192244
1.3250907799961564,-0.6651224618909183,0.27609082167330146,-0.5267644758895313,-0.7559333790624557,0.7488875586125022,-0.6243762753723711,0.2756917141184979,-0.38397783440533145,0.3513667454923806,-0.9252140960739695,0.7773532497303336
0.8749817024050036,-0.14337208776895835,-0.43110401806835613,-0.304937065838908,-0.7501431387987324,0.15525298730872153,-1.0249887487364078,0.012672620917044516,0.2714340290220362,1.5840749295543937,0.45914614742822923,0.7773532497303336
0.8193502433768836,-0.03967015005527678,-0.0061383116180940694,-0.4477804738260518,-0.7572697871947526,1.4658747681092763,-0.8914512576150623,-0.6758185348161723,0.12560488940944708,1.3757285155036028,-0.9252140960739695,0.7773532497303336
0.25797824772949063,0.6635586150656257,0.44772860179408736,-0.32510319402532845,-0.7179090780448798,-0.8905980092731564,0.9968157221008066,1.1305037670232219,0.3430559809865718,-0.39674010199112547,0.7360181961286689,-1.2864164398192244
0.5057911106729346,-0.42207104537447726,-0.2604984239104959,-0.6931350334274987,-0.7013655344342418,1.3322427434002,-0.6642032464085619,-0.2890257506963876,0.052708525488247795,2.1721293920444693,0.7360181961286689,-1.2864164398192244
0.6372836501939457,0.5404125640306289,0.17051294317975957,-0.6561637984190615,-0.7202355138651259,1.3450919765453033,-0.572835489325536,-0.9156300609704388,0.19791866500760014,0.463787752760192,-1.478958193474849,0.7773532497303336
0.8749817024050036,0.8839252327071991,0.8812467062228766,-0.5150009011141193,-0.6886993838573471,-0.8906646710947131,-0.9875045407023458,0.5503145908435453,-0.4572019042582445,-0.39714652814126056,-1.2020861447744093,0.7773532497303336
1.132909376080833,0.9033693460285144,0.6407473768611911,-0.3284642153897317,-0.7578720755793275,1.3887793692386554,-0.7641611344993936,-0.15364827625446303,0.2712883819412749,1.4786073435943288,-0.37146999867309005,0.7773532497303336
0.8142928380106909,-0.4058676176067145,0.10474795182763715,-0.24948021332625225,-0.7475065115357871,1.3039744304809722,-0.7532282404894589,-0.40893151377352094,0.7073557417416169,-0.3681135644598688,0.18227409872778946,0.7773532497303336
0.020280195518432634,0.2260660653360319,0.5693790902817578,-0.5704577536267753,-0.7438359127971766,-0.8872566946861037,-0.2136118289991093,-0.9465734837000216,0.08890182505751465,-0.30301469762952976,1.0128902448291086,-1.2864164398192244
-0.20730304596024043,0.96170168599246,0.800588745977112,-0.044457910097645895,-0.6855974694303524,-0.8856376913098206,-0.8438150765717751,0.33371063173646565,1.8740616821827123,-0.20967804871588935,1.2897622935295485,0.7773532497303336
